"Line","Identifier1","Identifier2","Method","Amount","PeakNr","IsRef_","StartN","EndN","AreaAllN","AmtPctN","BGD28","BGD29","Ampl28","Ampl29","rR29N2_28N2","d15N_14N","TimeCode","Comment","StartC","WidthC","AreaAllC","AmtPctC","BGD44","BGD45","BGD46","Ampl44","Ampl45","Ampl46","rR45CO2_44CO2","rR46CO2_44CO2","d13C_12C","d18O_16O","ln_AreaN","d15N_lc","d15N_cal","d13C_cal","Npct","Cpct","cnPercentQF","cnIsotopeQF","percentAccuracyQF","isotopeAccuracyQF","yieldQF","DataFile"
7,"24-333.32",NA,"N2_CO2+He_2.met",5.213,2,0,193.6,276.6,69.707,1.5312759,"23.3","16.7",2574,1789,0.6949621,2.767,"2024/11/19 13:13:49","Bkgrnd 29: 32",314.5,102.6,276.335,1.6340085,"0.1","0.1","1.7",7333,8249,9715,1.1027915,1.3235765,-40.343,22.273,4.24430074313975,-1.09893568032119,-1.4442393049461,-29.0718907094067,2.36776638728171,48.2946619284233,0,0,0,0,0,"241119_24-333.2.xls"
8,"24-333.33",NA,"N2_CO2+He_2.met",5.053,2,0,194.5,274.7,35.514,0.804863,"23.7","17",1258,871,0.6926533,-0.343,"2024/11/19 13:25:14","Bkgrnd 30: N/A",314.5,125.1,283.087,1.7269361,"0.2","0.2","1.8",6902,7751,9132,1.1019332,1.3231735,-41.038,22.264,3.56992698493664,-4.22439620077762,-4.47536900050189,-29.8086546274387,1.24451597523028,51.0412836206975,0,0,0,0,0,"241119_24-333.2.xls"
9,"24-333.34",NA,"N2_CO2+He_2.met",5.038,2,0,193.5,274.6,61.998,1.4092532,"23.6","17",2321,1610,0.6935508,1.068,"2024/11/19 13:36:40","Primary He: 2400",313.8,101.4,276.115,1.6894193,"0.2","0.2","1.8",7418,8358,9801,1.1041285,1.3210282,-38.721,20.449,4.12710212646027,-2.80062254585917,-3.09456685089001,-27.3524215366757,2.17906256728611,49.9324409677972,0,0,0,0,0,"241119_24-333.2.xls"
10,"24-333.35",NA,"N2_CO2+He_2.met",5.202,2,0,193.5,273.7,43.051,0.9477183,"23.8","17.1",1566,1087,0.6937701,1.247,"2024/11/19 13:48:06","Secondary He: 2500",313.4,105.2,287.091,1.7011983,"0.2","0.2","1.9",7369,8283,9734,1.1022076,1.3205401,-40.524,20.104,3.76238545940767,-2.62998394697121,-2.92907836658121,-29.2637673556855,1.46542325669697,50.2805697444732,0,0,0,0,0,"241119_24-333.2.xls"
12,"24-333.36",NA,"N2_CO2+He_2.met",5.107,2,0,193.9,279.1,55.316,1.2403742,"23.6","16.9",1978,1372,0.6938802,1.554,"2024/11/19 14:10:57","Peak Center: 58486",314.7,109.2,287.26,1.7338632,"0.1","0.2","1.9",7124,8015,9419,1.1037218,1.3214525,-38.969,20.846,4.01306219760241,-2.31723699612731,-2.62577056163762,-27.6153243448368,1.9179403401137,51.2460337501434,0,0,0,0,0,"241119_24-333.2.xls"
13,"24-333.37",NA,"N2_CO2+He_2.met",5.238,2,0,194.4,272.3,33.347,0.7290428,"23.9","17.2",1206,834,0.6915501,-1.811,"2024/11/19 14:22:23","Job No-24-333.2",313.4,122.7,293.015,1.7243678,"0.2","0.2","1.9",7253,8166,9580,1.1037584,1.32139,-38.948,20.992,3.50696781329295,-5.69383958665863,-5.90046250391672,-27.5930624135006,1.1273050671357,50.9653861624774,0,0,0,0,0,"241119_24-333.2.xls"
14,"24-333.38",NA,"N2_CO2+He_2.met",5.148,2,0,193,283.9,63.999,1.4236525,"23.7","17.1",2230,1548,0.6940505,1.829,"2024/11/19 14:33:49","Oxygen Tank: 1800",314.9,113.9,289.887,1.7357869,"0.2","0.3","2",6884,7724,9088,1.1018315,1.3205916,-40.825,20.186,4.1588674582376,-2.03889430197991,-2.35582864419885,-29.5828550381713,2.20132838451208,51.3028109787727,0,0,0,0,0,"241119_24-333.2.xls"
15,"24-333.39",NA,"N2_CO2+He_2.met",5.023,2,0,194,283.3,43.003,0.980409,"24","17.3",1397,968,0.6932978,0.705,"2024/11/19 14:45:15","CO2 Peak Center: 9",315.2,113.7,281.039,1.7246808,"0.2","0.3","2.1",6695,7516,8840,1.1028907,1.3206378,-39.796,20.247,3.76126988070179,-3.17200952244356,-3.45474484254905,-28.4920204026965,1.51595307976129,50.9746641755085,0,0,0,0,0,"241119_24-333.2.xls"
18,"24-333.40",NA,"N2_CO2+He_2.met",5.07,2,0,194.9,284.8,40.211,0.9082488,"23.5","16.8",1336,929,0.6950374,3.197,"2024/11/19 15:19:33",NA,315.9,128.6,284.179,1.7277871,"0.2","0.2","2",6636,7467,8774,1.1046598,1.3221784,-38.139,21.461,3.69414059003541,-0.681548511407684,-1.03944947190962,-26.7354480110719,1.40438796139714,51.0663693834557,0,0,0,0,0,"241119_24-333.2.xls"
19,"24-333.41",NA,"N2_CO2+He_2.met",5.154,2,0,193.4,273.3,56.082,1.2460877,"24","17.3",2129,1475,0.6926668,-0.267,"2024/11/19 15:30:59",NA,312.9,103.7,290.061,1.7348045,"0.2","0.2","2",7618,8584,10064,1.1036774,1.3205236,-38.982,20.253,4.0268149054285,-4.13792170506195,-4.39150442753531,-27.6291055404259,1.92676727975754,51.2738449382435,0,0,0,0,0,"241119_24-333.2.xls"
20,"24-333.42",NA,"N2_CO2+He_2.met",5.216,2,0,193.3,277.3,70.863,1.5557737,"23.9","17.3",2621,1816,0.6928513,0.016,"2024/11/19 15:42:25",NA,313.7,104.5,284.946,1.6839575,"0.2","0.3","2.1",7408,8326,9782,1.101194,1.3202774,-41.094,20.113,4.26074843554368,-3.84955860472805,-4.11184453396002,-29.8680197776686,2.40564830254886,49.7709513418226,0,0,0,0,0,"241119_24-333.2.xls"
21,"24-333.43",NA,"N2_CO2+He_2.met",5.102,2,0,194.9,271.8,32.23,0.7234055,"24","17.3",1173,811,0.6916261,-1.69,"2024/11/19 15:53:51",NA,313.8,117.1,282.512,1.70688,"0.2","0.3","2.1",7146,8046,9433,1.103833,1.3205702,-38.629,20.482,3.47289769582735,-5.57362066946564,-5.78387196390311,-27.2548930755837,1.11858768817916,50.4484009866429,0,0,0,0,0,"241119_24-333.2.xls"
23,"24-333.44",NA,"N2_CO2+He_2.met",5.27,2,0,193.4,275.6,70.068,1.5225639,"23.7","17",2652,1842,0.6945598,2.433,"2024/11/19 16:16:43",NA,312.7,102.8,291.644,1.7058765,"0.1","0.2","1.9",7771,8761,10265,1.1038333,1.320308,-38.552,20.064,4.2494661990894,-1.43281725839802,-1.76804386414109,-27.1732659940176,2.35428637793993,50.4189028482987,0,0,0,0,0,"241119_24-333.2.xls"
24,"24-333.45",NA,"N2_CO2+He_2.met",5.074,2,0,193.7,276.6,51.264,1.1569983,"24.2","17.4",1846,1279,0.6927999,0.008,"2024/11/19 16:28:09",NA,314.1,106.1,284.003,1.7253543,"0.2","0.3","2.1",7250,8140,9569,1.101088,1.3200019,-41.09,19.897,3.93698875144589,-3.86498103651469,-4.12680149491352,-29.8637794097951,1.78900770438807,50.994510197957,0,0,0,0,0,"241119_24-333.2.xls"
25,"24-333.46",NA,"N2_CO2+He_2.met",5.09,2,0,194,273.7,50.181,1.1289844,"24","17.4",1835,1276,0.6955391,3.877,"2024/11/19 16:39:35",NA,313,100.1,274.159,1.6603127,"0.2","0.3","2.1",7511,8459,9914,1.103088,1.3196659,-39.327,19.593,3.91563646899798,0.00352944651410692,-0.37504813699075,-27.994837269521,1.74570844548792,49.0722176625152,0,0,0,0,0,"241119_24-333.2.xls"
26,"24-333.47",NA,"N2_CO2+He_2.met",5.153,2,0,193.3,281.1,66.527,1.478454,"24.1","17.4",2380,1653,0.6947,2.69,"2024/11/19 16:51:02",NA,313.8,110.1,293.647,1.7565936,"0.2","0.3","2.1",7442,8354,9820,1.1001105,1.3195864,-41.831,19.643,4.1976078802976,-1.17700614896318,-1.51995349627818,-30.6493075583731,2.28606187453791,51.9178125201954,0,0,0,0,0,"241119_24-333.2.xls"
28,"24-333.48",NA,"N2_CO2+He_2.met",5.267,2,0,193.4,283.6,57.19,1.2434468,"23.8","17.2",1933,1341,0.6941551,1.918,"2024/11/19 17:13:54",NA,314.9,132.4,295.429,1.7290051,"0.2","0.2","2",6782,7628,8961,1.1042699,1.3212817,-38.351,20.789,4.04637905792722,-1.95247318230103,-2.27201583630468,-26.9601875083709,1.92267979255154,51.1023375198674,0,0,0,0,0,"241119_24-333.2.xls"
29,"24-333.49",NA,"N2_CO2+He_2.met",5.26,2,0,193.9,274.2,56.619,1.2326665,"24.2","17.5",2083,1449,0.6957676,4.259,"2024/11/19 17:25:20",NA,314.3,97.9,242.921,1.4235931,"0.2","0.3","2.2",6869,7707,9068,1.1002231,1.3201281,-41.816,20.041,4.03634461792411,0.388296770691583,-0.00189363557872524,-30.6334061788473,1.90601640448709,42.0755959637969,0,0,0,0,0,"241119_24-333.2.xls"
30,"24-333.50",NA,"N2_CO2+He_2.met",5.047,2,0,193.5,282.8,68.121,1.5456604,"24.2","17.5",2431,1685,0.6932501,0.625,"2024/11/19 17:36:46",NA,315.1,113.8,270.543,1.652373,"0.2","0.3","2.2",6817,7679,8996,1.1053875,1.3200822,-37.152,19.954,4.22128553566325,-3.24146332108667,-3.52210242718606,-25.6891372382696,2.38999995971299,48.8375598864331,0,0,0,0,0,"241119_24-333.2.xls"
31,"24-333.51",NA,"N2_CO2+He_2.met",5.032,2,0,193.1,279.4,64.186,1.4607269,"24.3","17.6",2336,1626,0.6961346,4.592,"2024/11/19 17:48:12",NA,314.9,117.1,266.133,1.6302885,"0.2","0.3","2.2",6804,7655,8977,1.1046992,1.3199875,-37.653,20.061,4.16178511837969,0.724172587550954,0.323844973448024,-26.2202433144337,2.258654811141,48.184688656829,0,0,0,0,0,"241119_24-333.2.xls"
34,"24-333.52",NA,"N2_CO2+He_2.met",5.26,2,0,195.1,279.6,47.595,1.0361999,"23.5","17",1624,1126,0.6930748,0.338,"2024/11/19 18:22:31",NA,315.9,110.4,297.613,1.7441007,"0.2","0.2","2",7260,8147,9579,1.1022479,1.3184228,-40.088,18.831,3.86272771370327,-3.53668352608989,-3.80841246830047,-28.8015672574668,1.60223336285633,51.5486283259721,0,0,0,0,0,"241119_24-333.2.xls"
35,"24-333.53",NA,"N2_CO2+He_2.met",5.002,2,0,194.8,275.6,49.262,1.1278194,"23.6","17.1",1779,1233,0.6931558,0.463,"2024/11/19 18:33:58",NA,315.4,104.2,278.892,1.7186911,"0.2","0.3","2.2",7160,8051,9437,1.1030015,1.3178517,-39.209,18.468,3.89715299276142,-3.41089430093897,-3.68641974011198,-27.8697464172508,1.74388778697833,50.7976158346812,0,0,0,0,0,"241119_24-333.2.xls"
36,"24-333.54",NA,"N2_CO2+He_2.met",5.26,2,0,195,277.5,45.306,0.9863616,"23.6","17.1",1625,1126,0.6929739,0.296,"2024/11/19 18:45:24",NA,314.5,115.8,301.368,1.7661104,"0.2","0.3","2.2",7420,8346,9778,1.1029012,1.3177406,-39.452,18.41,3.81343947404934,-3.57981349567747,-3.85024071432363,-28.1273487655699,1.52517669371928,52.1990202757997,0,0,0,0,0,"241119_24-333.2.xls"
6,"UU-CN-3","RM","N2_CO2+He_2.met",0.5,2,0,191.9,266.2,30.602,7.0089495,"22.8","16.2",1075,755,0.702235,13.383,"2024/11/19 13:02:23","Bkgrnd 28: 45",316.4,74.3,24.771,1.5271406,"0.2","0.3","1.8",833,935,1109,1.1200194,1.3332579,-24.725,29.413,3.42106536629962,9.49819103579243,8.83305111883079,-12.5153743470691,10.8375219517547,45.1361482200144,0,0,0,0,0,"241119_24-333.2.xls"
22,"UU-CN-3","RM","N2_CO2+He_2.met",0.513,2,0,192.3,267,30.944,6.9076349,"23.6","17.1",1080,759,0.7024411,13.882,"2024/11/19 16:05:17",NA,316.6,74.4,25.011,1.5028474,"0.4","0.4","1.9",840,942,1112,1.1193056,1.3260615,-24.657,24.371,3.43217911927088,9.99744582685313,9.3172376932341,-12.4432880932184,10.6809349716691,44.4185780002436,0,0,0,0,0,"241119_24-333.2.xls"
37,"UU-CN-3","RM","N2_CO2+He_2.met",0.457,2,0,194.5,269.2,29.536,7.4011203,"23.1","16.7",1027,722,0.7020444,14.329,"2024/11/19 19:08:17",NA,318.9,74.2,23.308,1.5721433,"0.3","0.4","2.3",779,874,1032,1.1191946,1.3260172,-24.325,24.598,3.38560985832044,10.4433781918765,9.74971118793511,-12.0913375597125,11.4442059023268,46.4664794600419,0,0,0,0,0,"241119_24-333.2.xls"
11,"UU-CN-2","RM","N2_CO2+He_2.met",0.485,2,0,192.5,265.5,26.43,6.2405905,"23.5","16.9",924,640,0.6924323,-0.735,"2024/11/19 13:59:32","CO2 Reference Tank: 900",316.9,72.9,21.745,1.3820215,"0.3","0.4","2.1",733,810,972,1.1037048,1.3279637,-39.398,25.735,3.2744997286162,-4.62316909056488,-4.86210635971839,-28.0701037992768,9.64951772523714,40.8477964565404,0,0,0,0,0,"241119_24-333.2.xls"
27,"UU-CN-2","RM","N2_CO2+He_2.met",0.503,2,0,193.2,266.4,27.311,6.2177879,"24","17.3",957,663,0.6924184,-0.491,"2024/11/19 17:02:28",NA,317.5,73,22.625,1.3865218,"0.4","0.5","2.3",763,843,1010,1.1031181,1.3263359,-39.452,24.673,3.30728955143919,-4.37841735946569,-4.62474158249027,-28.1273487655699,9.61434718349505,40.9799630812206,0,0,0,0,0,"241119_24-333.2.xls"
38,"UU-CN-2","RM","N2_CO2+He_2.met",0.504,2,0,194.2,267.8,26.474,6.0153086,"22.9","16.5",922,639,0.6927099,-0.169,"2024/11/19 19:19:43",NA,318.6,73.2,22.462,1.2942789,"0.3","0.4","2.2",711,785,941,1.1030849,1.3262273,-39.655,24.706,3.27616311929158,-4.0571309560953,-4.31315205779134,-28.3425474351534,9.30120490071821,40.604002556992,0,0,0,0,0,"241119_24-333.2.xls"
5,"SPINACH","RM","N2_CO2+He_2.met",0.192,2,0,195.8,254.4,6.175,3.6827172,"23.1","16.5",217,151,0.6960397,4.317,"2024/11/19 12:50:57","GC Temp: 41",320,63,8.567,1.2951599,"0.3","0.4","1.9",274,303,367,1.1056768,1.3400326,-38.333,34.616,1.82050888251404,0.0371488435055083,-0.342443421013588,-26.9411058529399,5.69489756695547,40.6516799929924,0,0,0,0,0,"241119_24-333.2.xls"
16,"SPINACH","RM","N2_CO2+He_2.met",0.323,2,0,194.6,259.3,10.82,3.8362066,"23.8","17.1",377,262,0.6955027,3.902,"2024/11/19 14:56:41","N2 Reference Tank: 800",318.2,68.9,14.346,1.3404304,"0.4","0.5","2.2",474,524,629,1.1042996,1.3292683,-38.787,26.783,2.38139627341834,-0.118748498539475,-0.493635560488048,-27.4223876065896,5.93164187036812,40.464973858021,0,0,0,0,0,"241119_24-333.2.xls"
17,"SPINACH","RM","N2_CO2+He_2.met",0.534,2,0,194.4,263.9,18.031,3.8667829,"23.2","16.7",629,438,0.6954386,3.743,"2024/11/19 15:08:07",NA,317.8,73.6,23.654,1.3480832,"0.3","0.4","2.1",787,870,1044,1.1042794,1.3287219,-38.804,26.321,2.89209249879423,-0.153936060998458,-0.527761112478086,-27.4404091700522,5.97900256917213,40.3565744616273,0,0,0,0,0,"241119_24-333.2.xls"
32,"SPINACH","RM","N2_CO2+He_2.met",0.756,2,0,192.7,265.4,26.349,3.9912512,"23.5","17",933,650,0.695723,4.167,"2024/11/19 17:59:39",NA,316.1,76.7,33.561,1.33173,"0.3","0.4","2.3",1104,1222,1462,1.1040078,1.3253138,-38.645,24.02,3.27143032360309,0.278760541040124,-0.108123906690026,-27.271854547078,6.17152546974451,40.4449271307158,0,0,0,0,0,"241119_24-333.2.xls"
33,"SPINACH","RM","N2_CO2+He_2.met",1.548,2,0,192.2,272,54.682,4.0452063,"23.1","16.6",1948,1356,0.6955979,3.943,"2024/11/19 18:11:05",NA,315.7,83,68.815,1.3543835,"0.2","0.3","2.1",2275,2523,3006,1.1038261,1.323327,-38.909,22.482,4.00153458763162,0.0714987248321761,-0.309130267752937,-27.5517188267333,6.25494676596698,40.50075487017,0,0,0,0,0,"241119_24-333.2.xls"
39,"SPINACH","RM","N2_CO2+He_2.met",3.015,2,0,193.4,279.4,107.197,4.1475358,"23.1","16.7",3969,2761,0.6954833,3.743,"2024/11/19 19:31:10",NA,317.1,90,134.51,1.375227,"0.2","0.3","2.2",4284,4787,5650,1.1038154,1.3202778,-38.637,20.042,4.67466826317049,-0.113069184529672,-0.488127656218317,-27.2633738113309,6.29572136194094,40.6460377527414,0,0,0,0,0,"241119_24-333.2.xls"
40,"SPINACH","RM","N2_CO2+He_2.met",7.182,2,0,193,283.7,250.016,4.2575341,"24","17.4",9894,6878,0.6954026,3.835,"2024/11/19 19:42:35",NA,312.1,105,320.913,1.3816546,"0.1","0.2","2.2",8508,9600,11217,1.1035914,1.3181207,-38.727,18.549,5.52152491581433,-0.00165436531020724,-0.3800754940327,-27.3587820884861,6.16414130105264,40.7092282875311,0,0,0,0,0,"241119_24-333.2.xls"
8,"24-315.32",NA,"N2_CO2+He_2.met",5.104,2,0,193.6,273.4,55.198,1.2384553,"34.3","24",2072,1439,0.6938855,0.853,"2024/11/14 12:25:02","Bkgrnd 29: 32",315.4,101.4,264.319,1.5963315,"0.1","0.2","1.4",7079,7973,9390,1.1056215,1.3250862,-39.289,21.874,4.0109267207426,-2.17258426500202,-2.7743336716309,-28.0805543677122,1.83979961373611,46.7186808147246,0,0,0,0,0,"241114_24-315.2-320.xls"
9,"24-315.33",NA,"N2_CO2+He_2.met",5.056,2,0,193.2,274.4,59.987,1.3586705,"35.3","24.8",2245,1558,0.6935739,0.408,"2024/11/14 12:36:28","Bkgrnd 30: N/A",315.7,101.3,260.502,1.5882148,"0.2","0.2","1.7",6979,7865,9249,1.1057403,1.3247528,-39.317,21.493,4.09412787207982,-2.6683128065418,-3.29534244966644,-28.1098646593339,2.01840319372188,46.4811485565601,0,0,0,0,0,"241114_24-315.2-320.xls"
10,"24-315.34",NA,"N2_CO2+He_2.met",5.118,2,0,194.6,272.6,39.796,0.8904456,"36.1","25.3",1476,1023,0.6932546,-0.113,"2024/11/14 12:47:54","Primary He: 2400",315.3,99.7,259.46,1.5626991,"0.2","0.2","1.6",7158,8085,9483,1.1073177,1.3243494,-37.704,21.163,3.68376640472711,-2.93911147629156,-3.57995080322571,-26.4213825027002,1.32280853245255,45.7344000724232,0,0,0,0,0,"241114_24-315.2-320.xls"
11,"24-315.35",NA,"N2_CO2+He_2.met",5.021,2,0,194.9,271.7,31.962,0.7289752,"36.6","25.6",1162,805,0.6928623,-0.478,"2024/11/14 12:59:20","Secondary He: 2500",314.8,102.5,278.483,1.7096771,"0.2","0.3","1.7",7355,8267,9740,1.102308,1.324061,-42.235,21.017,3.46454769716292,-3.17045172358102,-3.82308850753529,-31.1644157647629,1.08293296167116,50.0358545931774,0,0,0,0,0,"241114_24-315.2-320.xls"
13,"24-315.36",NA,"N2_CO2+He_2.met",5.335,2,0,194.5,276.7,39.975,0.8580576,"37.1","25.9",1397,967,0.6921467,-1.219,"2024/11/14 13:22:11","Peak Center: 58486",315.5,107.9,296.596,1.713708,"0.1","0.2","1.6",7314,8220,9695,1.1028918,1.3248224,-41.879,21.529,3.68825425872002,-4.04784776399966,-4.74522834933631,-30.7917563427161,1.27471147562955,50.15378573668,0,0,0,0,0,"241114_24-315.2-320.xls"
14,"24-315.37",NA,"N2_CO2+He_2.met",5.27,2,0,194.6,274.5,40.898,0.8886975,"37.7","26.4",1469,1018,0.6928642,-0.348,"2024/11/14 13:33:37","Job No-24-315-320",314.5,104.3,298.135,1.7438444,"0.2","0.2","1.6",7665,8640,10153,1.1047313,1.3240794,-40.098,20.963,3.71108116209762,-3.19076554635728,-3.84443825663188,-28.9274124363524,1.32022910371229,51.0358324281297,0,0,0,0,0,"241114_24-315.2-320.xls"
15,"24-315.38",NA,"N2_CO2+He_2.met",5.2,2,0,194.3,273.4,47.919,1.0552839,"38","26.6",1812,1256,0.6931158,0.07,"2024/11/14 13:45:03","Oxygen Tank: 1800",313.5,101.8,286.612,1.6990145,"0.2","0.3","1.7",7717,8694,10214,1.1034011,1.3232521,-41.018,20.691,3.86951208547593,-2.86936240287441,-3.50664479708511,-29.8904648753499,1.56769744184199,49.7237507018027,0,0,0,0,0,"241114_24-315.2-320.xls"
16,"24-320.1",NA,"N2_CO2+He_2.met",5.411,2,0,193.6,274.4,60.662,1.2838234,"38.1","26.7",2331,1619,0.6941749,1.663,"2024/11/14 13:56:28","CO2 Peak Center: 9",313.3,101.1,279.326,1.591254,"0.2","0.3","1.8",7573,8549,10024,1.1060684,1.3233215,-38.589,20.657,4.10531747237303,-1.42013521337349,-1.98351263133877,-27.3477970771706,1.90720351160754,46.5700476866014,0,0,0,0,0,"241114_24-315.2-320.xls"
19,"24-320.2",NA,"N2_CO2+He_2.met",5.47,2,0,193.4,277.1,73.133,1.5310564,"37.9","26.5",2709,1880,0.6935815,0.727,"2024/11/14 14:30:46",NA,314.1,103,299.202,1.686101,"0.1","0.2","1.7",7821,8820,10365,1.1046606,1.3242176,-39.705,21.481,4.29227970127749,-2.47012788105795,-3.08705086021976,-28.5160215575198,2.27448936043161,49.3457802323946,0,0,0,0,0,"241114_24-315.2-320.xls"
20,"24-320.3",NA,"N2_CO2+He_2.met",5.223,2,0,195.4,274.2,35.872,0.7864971,"38.4","27",1292,896,0.69324,0.27,"2024/11/14 14:42:12",NA,314.1,104.6,296.17,1.7479409,"0.2","0.2","1.8",7635,8635,10113,1.1081267,1.3241423,-36.576,21.344,3.57995704688975,-2.4928179132022,-3.11089799616304,-25.2405964687989,1.16840501398446,51.1556837498377,0,0,0,0,0,"241114_24-315.2-320.xls"
21,"24-320.4",NA,"N2_CO2+He_2.met",5.48,2,0,196.5,274.5,26.883,0.5617748,"38.5","27",941,652,0.6926303,-0.713,"2024/11/14 14:53:38",NA,314.5,106.5,308.013,1.7325826,"0.2","0.3","1.8",7780,8791,10300,1.1075237,1.3235536,-36.916,21.015,3.29149411657019,-3.2999392924354,-3.95917944111371,-25.5965071527762,0.834555109614713,50.7062323998146,0,0,0,0,0,"241114_24-315.2-320.xls"
22,"24-320.5",NA,"N2_CO2+He_2.met",5.479,2,0,193.8,274.4,60.208,1.2584002,"38.4","26.9",2299,1595,0.6935788,0.741,"2024/11/14 15:05:04",NA,314.2,100.6,269.071,1.5138096,"0.2","0.3","1.9",7286,8231,9644,1.1068734,1.3235672,-37.465,21.005,4.09780523385108,-2.33755492935346,-2.94771720121038,-26.1711982277867,1.8694366274016,44.3035417863163,0,0,0,0,0,"241114_24-315.2-320.xls"
24,"24-320.6",NA,"N2_CO2+He_2.met",5.399,2,0,193.8,277.2,64.019,1.3578768,"38.2","26.8",2324,1612,0.6936818,0.807,"2024/11/14 15:27:56",NA,314.6,103.3,293.507,1.6757593,"0.1","0.2","1.8",7619,8590,10095,1.1048596,1.3239665,-39.511,21.128,4.15917991430101,-2.30897566183919,-2.91768050169231,-28.3129431084268,2.01722065069924,49.043108614164,0,0,0,0,0,"241114_24-315.2-320.xls"
25,"24-320.7",NA,"N2_CO2+He_2.met",5.512,2,0,193.3,280.1,100.563,2.0892774,"38.5","27.1",3741,2602,0.6955326,3.484,"2024/11/14 15:39:22",NA,314.3,104.8,308.265,1.7239355,"0.2","0.3","2",7929,8939,10495,1.1049764,1.3231412,-39.04,20.61,4.61078439677256,0.224401033569985,-0.255111402323759,-27.8199021315053,3.103750902052,50.4531009185359,0,0,0,0,0,"241114_24-315.2-320.xls"
26,"24-320.8",NA,"N2_CO2+He_2.met",5.384,2,0,196.6,274.1,26.992,0.5741017,"38.8","27.3",937,651,0.6942372,1.759,"2024/11/14 15:50:48",NA,314.1,106.5,313.972,1.7975943,"0.2","0.3","2",7901,8914,10456,1.1058228,1.3229346,-38.242,20.406,3.29554052580361,-0.830406427031325,-1.36370995992076,-26.9845588202879,0.852879863720911,52.608839594957,0,0,0,0,0,"241114_24-315.2-320.xls"
27,"24-320.9",NA,"N2_CO2+He_2.met",5.295,2,0,196.8,273.7,22.33,0.4829305,"38.7","27.2",771,533,0.6914733,-2.336,"2024/11/14 16:02:14",NA,315,106.4,294.727,1.7157726,"0.3","0.3","2",7453,8422,9862,1.1078256,1.3231454,-36.34,20.622,3.10593106585207,-4.80979971713736,-5.54603690232582,-24.9935525822735,0.717431771547773,50.2142306813901,0,0,0,0,0,"241114_24-315.2-320.xls"
29,"24-320.10",NA,"N2_CO2+He_2.met",5.192,2,0,196.5,272.7,26.378,0.5818091,"38.3","26.9",945,653,0.6909775,-3.083,"2024/11/14 16:25:07",NA,314.2,104.3,301.973,1.7928294,"0.1","0.2","1.8",7784,8786,10308,1.1061104,1.3233074,-37.868,20.85,3.27253032940369,-5.65837688915654,-6.43788822500599,-26.5930570679128,0.8643010230184,52.4694224894636,0,0,0,0,0,"241114_24-315.2-320.xls"
30,"24-320.11",NA,"N2_CO2+He_2.met",5.156,2,0,196.3,274.2,26.9,0.5974553,"38.4","27",928,641,0.6910589,-2.914,"2024/11/14 16:36:32",NA,314.9,104,289.781,1.732461,"0.3","0.3","1.9",7471,8437,9885,1.1073028,1.3229914,-36.72,20.649,3.29212628660779,-5.50132473258253,-6.27282701644554,-25.3913351114246,0.887558971519778,50.7025558895207,0,0,0,0,0,"241114_24-315.2-320.xls"
31,"24-320.12",NA,"N2_CO2+He_2.met",5.353,2,0,196.8,276.9,28.587,0.6115536,"38.6","27.2",969,672,0.693081,0.021,"2024/11/14 16:47:58",NA,315,108.6,310.448,1.7877089,"0.2","0.3","1.9",7632,8615,10098,1.1063439,1.3229256,-37.632,20.651,3.35295206903416,-2.60341079666834,-3.22713068854575,-26.3460131813873,0.908508898056802,52.3196075027896,0,0,0,0,0,"241114_24-315.2-320.xls"
32,"24-320.13",NA,"N2_CO2+He_2.met",5.105,2,0,196.5,272.8,25.339,0.5684189,"38.4","27.1",893,618,0.6924754,-0.943,"2024/11/14 16:59:24",NA,314.4,104.4,295.477,1.7841572,"0.3","0.3","1.7",7609,8577,10069,1.1050488,1.3231323,-38.998,20.536,3.23234471081516,-3.49387533131622,-4.1630054671894,-27.7759366940728,0.844406508338098,52.2156620504293,0,0,0,0,0,"241114_24-315.2-320.xls"
35,"24-320.14",NA,"N2_CO2+He_2.met",5.225,2,0,196.4,275.8,28.623,0.6273301,"38","26.8",974,675,0.6930954,-0.067,"2024/11/14 17:33:43",NA,315.1,106.7,303.629,1.7912766,"0.1","0.2","1.8",7578,8548,10042,1.1062093,1.3240329,-38.01,21.519,3.35421059043782,-2.69217812926264,-3.32042481145579,-26.7417021182798,0.93193731792729,52.4239582148574,0,0,0,0,0,"241114_24-315.2-320.xls"
36,"24-320.15",NA,"N2_CO2+He_2.met",5.186,2,0,196.3,275.1,30.963,0.6837136,"38.1","26.8",1090,753,0.691086,-2.963,"2024/11/14 17:45:09",NA,314.7,105.2,300.619,1.7868569,"0.2","0.3","1.9",7643,8634,10117,1.1072336,1.3231352,-36.866,20.956,3.43279294325191,-5.63609054495585,-6.41446536352859,-25.544167346309,1.0157068169788,52.2945906396539,0,0,0,0,0,"241114_24-315.2-320.xls"
37,"24-320.16",NA,"N2_CO2+He_2.met",5.135,2,0,195.9,277.9,34.357,0.7661997,"38.1","26.9",1173,812,0.6927061,-0.537,"2024/11/14 17:56:36",NA,315,107.6,297.753,1.787397,"0.3","0.2","2",7425,8383,9823,1.1070996,1.3229795,-36.618,21.062,3.5368057824777,-3.2735081726032,-3.93140043649334,-25.2845619062314,1.13823682970002,52.3104615924598,0,0,0,0,0,"241114_24-315.2-320.xls"
38,"24-320.17",NA,"N2_CO2+He_2.met",5.407,2,0,196.2,275.7,27.176,0.5755611,"38","26.8",935,647,0.69177,-1.878,"2024/11/14 18:08:02",NA,314.6,108.7,306.117,1.7451659,"0.2","0.3","2",7567,8547,10009,1.1069149,1.3225461,-36.673,20.903,3.30233423085828,-4.47154861429119,-5.19053630271203,-25.3421356933454,0.855041140097689,51.0744776002618,0,0,0,0,0,"241114_24-315.2-320.xls"
40,"24-320.18",NA,"N2_CO2+He_2.met",5.163,2,0,195.3,277,32.105,0.7120898,"37.7","26.5",1090,754,0.69218,-1.38,"2024/11/14 18:30:55",NA,314.1,109.1,301.78,1.8017475,"0.1","0.2","1.8",7473,8426,9894,1.105446,1.3234998,-38.554,21.533,3.46901178124601,-4.07517351854667,-4.77394761157854,-27.3111592126436,1.05786048790826,52.7304142902037,0,0,0,0,0,"241114_24-315.2-320.xls"
41,"24-320.19",NA,"N2_CO2+He_2.met",5.083,2,0,197,274.6,19.638,0.4424377,"38.1","26.9",653,452,0.691904,-1.594,"2024/11/14 18:42:21",NA,315.3,108.7,290.991,1.7646802,"0.3","0.3","2",7240,8169,9581,1.1066873,1.3234259,-37.346,21.435,2.9774664647471,-3.98947361528896,-4.68387734502625,-26.0466294883946,0.657256656048107,51.6454780324608,0,0,0,0,0,"241114_24-315.2-320.xls"
42,"24-320.20",NA,"N2_CO2+He_2.met",5.288,2,0,196.5,274,21.71,0.470154,"38","26.8",732,507,0.6932397,0.38,"2024/11/14 18:53:47",NA,314.4,106.5,298.708,1.7412486,"0.2","0.3","2",7495,8452,9918,1.105428,1.3230429,-38.559,21.007,3.0777729838902,-2.07663146396388,-2.67348764920361,-27.3163931932903,0.698435368716264,50.9598641877245,0,0,0,0,0,"241114_24-315.2-320.xls"
43,"24-320.21",NA,"N2_CO2+He_2.met",5.042,2,0,193.2,279.9,85.563,1.9433476,"38.1","26.9",3098,2153,0.6950533,2.964,"2024/11/14 19:05:13",NA,315.1,102.5,276.49,1.6903704,"0.3","0.3","2",7280,8211,9632,1.1059159,1.322878,-38.082,20.778,4.44925294671311,-0.274007872623311,-0.778937233233605,-26.8170714395927,2.88696161088814,49.4708578708083,0,0,0,0,0,"241114_24-315.2-320.xls"
45,"24-320.22",NA,"N2_CO2+He_2.met",5.331,2,0,194.3,275.2,49.116,1.0550727,"37.8","26.6",1800,1246,0.6922671,-1.223,"2024/11/14 19:28:07",NA,313.9,102.7,291.082,1.6831112,"0.1","0.2","1.5",7649,8628,10128,1.1047683,1.3234672,-39.2,21.106,3.89418484729827,-4.17740562286462,-4.88139315744373,-27.9873895122005,1.56737225606328,49.2583116439471,0,0,0,0,0,"241114_24-315.2-320.xls"
46,"24-320.23",NA,"N2_CO2+He_2.met",5.409,2,0,195.5,276.8,37.566,0.7953165,"38.2","26.9",1325,918,0.693305,0.323,"2024/11/14 19:39:33",NA,314,107.7,310.734,1.7708326,"0.2","0.3","2",7751,8746,10257,1.1056133,1.3230292,-38.389,20.893,3.62609938599123,-2.4679513407838,-3.08476332481771,-27.1384378513016,1.18150569587052,51.8256369676062,0,0,0,0,0,"241114_24-315.2-320.xls"
47,"24-320.24",NA,"N2_CO2+He_2.met",5.16,2,0,194.2,275.8,52.887,1.1737186,"38.2","26.9",1917,1333,0.695108,2.919,"2024/11/14 19:50:59",NA,315.4,101.2,252.482,1.5082943,"0.3","0.3","2.1",6787,7640,8981,1.1048799,1.3234813,-39.037,21.36,3.96815756197172,-0.0805074978845082,-0.575569088484582,-27.8167617431172,1.74364102130204,44.1421593758234,0,0,0,0,0,"241114_24-315.2-320.xls"
50,"24-320.25",NA,"N2_CO2+He_2.met",5.005,2,0,193.2,279.9,66.412,1.521548,"38","26.8",2302,1601,0.6946496,2.707,"2024/11/14 20:13:53",NA,315.4,100.1,252.48,1.56148458,"0.2","0.3","2",6820,7685,9125,1.103168,1.3207217,-38.725,20.825,4.19587776304554,-0.431350692887879,-0.944303928207592,-27.4901613507616,2.25735739683248,45.5088387819694,0,0,0,0,0,"241114_24-315.2-320.xls"
7,"UU-CN-3","RM","N2_CO2+He_2.met",0.532,2,0,192,269.1,32.244,6.9406367,"33.1","23.1",1107,778,0.7019154,12.174,"2024/11/14 12:13:37","Bkgrnd 28: 45",316.7,75.3,26.588,1.5405376,"0.2","0.3","1.6",885,994,1183,1.1220383,1.3387291,-24.48,32.279,3.47333197942135,9.47619241510838,9.46848552304772,-12.5785504882404,10.3108656272841,45.086538327034,0,0,0,0,0,"241114_24-315.2-320.xls"
23,"UU-CN-3","RM","N2_CO2+He_2.met",0.541,2,0,192.9,271.1,34.112,7.2207175,"38.3","27",1160,815,0.7014181,12.064,"2024/11/14 15:16:30",NA,317.6,75.2,27.403,1.5614005,"0.4","0.5","2.1",918,1032,1223,1.1215733,1.3333718,-24.142,28.255,3.52964922854338,9.33185524710559,9.31678771825184,-12.2247333965217,10.7267402646692,45.6955280091529,0,0,0,0,0,"241114_24-315.2-320.xls"
39,"UU-CN-3","RM","N2_CO2+He_2.met",0.502,2,0,193.4,271.8,32.117,7.3264245,"38","26.8",1083,761,0.7011927,11.835,"2024/11/14 18:19:28",NA,318.1,74.4,24.955,1.5323791,"0.4","0.5","2.2",835,937,1113,1.1210949,1.3360866,-24.163,31.596,3.4693854849656,9.13959863070417,9.11472675870043,-12.2467161152379,10.8840142444111,44.8463096629582,0,0,0,0,0,"241114_24-315.2-320.xls"
12,"UU-CN-2","RM","N2_CO2+He_2.met",0.532,2,0,192.8,268.8,29.298,6.3065351,"36.8","25.8",1006,697,0.6923515,-1.223,"2024/11/14 13:10:46","CO2 Reference Tank: 900",317.2,73.7,24.132,1.3982815,"0.3","0.4","1.9",814,901,1086,1.1056916,1.3353066,-39.323,29.888,3.37751925430758,-3.86238964562208,-4.5503125848888,-28.1161454361099,9.36880477447492,40.9217821162925,0,0,0,0,0,"241114_24-315.2-320.xls"
28,"UU-CN-2","RM","N2_CO2+He_2.met",0.503,2,0,193.3,270.5,28.438,6.47442,"38.4","27.1",958,664,0.6921658,-1.334,"2024/11/14 16:13:41",NA,317.9,73.4,22.705,1.3913959,"0.4","0.5","2.3",762,843,1015,1.1049718,1.3333491,-39.351,28.497,3.34772627897418,-3.95522458224853,-4.64788174388965,-28.1454557277316,9.6180916639495,40.7217445772592,0,0,0,0,0,"241114_24-315.2-320.xls"
44,"UU-CN-2","RM","N2_CO2+He_2.met",0.522,2,0,193.2,270.5,29.394,6.4485312,"38","26.8",992,687,0.6922008,-1.27,"2024/11/14 19:16:40",NA,317.9,73.7,23.597,1.3934746,"0.4","0.5","2.3",792,876,1055,1.1048288,1.3334582,-39.478,28.768,3.38079057188449,-3.91138419938634,-4.60180567122155,-28.2783988361584,9.57957040807038,40.7811195244656,0,0,0,0,0,"241114_24-315.2-320.xls"
6,"SPINACH","RM","N2_CO2+He_2.met",0.201,2,0,196.6,259.3,6.842,3.7269336,"32.5","22.7",215,149,0.6945311,1.816,"2024/11/14 12:02:11","GC Temp: 41",320.4,64.3,9.009,1.3355693,"0.3","0.4","1.7",293,324,393,1.1073487,1.3445845,-38.319,36.829,1.92308008655541,0.063395892228763,-0.424327182571301,-27.0651621222475,5.79088391852285,40.4346216591461,0,0,0,0,0,"241114_24-315.2-320.xls"
17,"SPINACH","RM","N2_CO2+He_2.met",0.408,2,0,194.8,266,14.292,4.0113372,"38.2","26.8",475,330,0.6945325,2.107,"2024/11/14 14:07:54","N2 Reference Tank: 800",318.6,71.1,18.273,1.3276456,"0.4","0.5","2.1",592,655,790,1.1061407,1.3352967,-38.714,30.075,2.65969994016116,-0.0947283114881547,-0.590515108528725,-27.4786465933388,5.95923746126478,40.4038309612754,0,0,0,0,0,"241114_24-315.2-320.xls"
18,"SPINACH","RM","N2_CO2+He_2.met",0.524,2,0,194.1,267,18.159,3.9686086,"37.6","26.3",608,423,0.6945543,2.187,"2024/11/14 14:19:20",NA,317.7,73.4,23.403,1.3531909,"0.3","0.4","1.9",773,857,1033,1.1062442,1.3365833,-38.714,30.96,2.89916630557766,-0.160733255772797,-0.659886049445763,-27.4786465933388,5.89547074433833,40.2914688340685,0,0,0,0,0,"241114_24-315.2-320.xls"
33,"SPINACH","RM","N2_CO2+He_2.met",0.759,2,0,193.9,270.6,26.882,4.0559691,"38.2","26.9",904,629,0.694987,2.835,"2024/11/14 17:10:50",NA,317.5,77.3,34.129,1.369813,"0.4","0.5","2.2",1126,1248,1498,1.105859,1.3317807,-38.666,27.031,3.29145691764896,0.248083388104357,-0.230221339390057,-27.4284003791302,6.02528574403157,40.5652952995774,0,0,0,0,0,"241114_24-315.2-320.xls"
34,"SPINACH","RM","N2_CO2+He_2.met",1.548,2,0,192.6,275.4,54.165,4.0069484,"37.8","26.6",1821,1267,0.6952943,2.949,"2024/11/14 17:22:17",NA,316.3,83.7,69.438,1.35682,"0.3","0.3","2",2226,2472,2958,1.1056851,1.3306931,-38.752,26.439,3.99203494339753,-0.0650657668033006,-0.559339888898083,-27.5184248462539,5.95258544436407,40.466822225458,0,0,0,0,0,"241114_24-315.2-320.xls"
48,"SPINACH","RM","N2_CO2+He_2.met",3.114,2,0,192.1,281.1,107.353,3.9478626,"38","26.8",3571,2484,0.6953131,3.281,"2024/11/14 20:02:26",NA,316.1,91.4,140.072,1.3370603,"0.3","0.4","2.2",4152,4636,5499,1.1051606,1.325817,-38.986,23.065,4.67612246990543,0.0126676230444072,-0.477642397098804,-27.7633751405206,5.86480293813841,40.5793957463725,0,0,0,0,0,"241114_24-315.2-320.xls"
49,"SPINACH","RM","N2_CO2+He_2.met",7.017,2,0,192.2,284.3,252.434,4.1196765,"38.4","27.1",8622,5994,0.6954084,3.379,"2024/11/14 20:13:51",NA,313.6,104.3,315.452,1.3681874,"0.2","0.1","2.1",8084,9118,10702,1.1049051,1.3228158,-39.064,20.802,5.53114982840949,-0.00361956931327478,-0.494760173213829,-27.8450252386096,6.12003941921245,40.5559578514025,0,0,0,0,0,"241114_24-315.2-320.xls"
8,"24-315.1",NA,"N2_CO2+He_2.met",5.17,2,0,194.9,273.7,39.884,0.8834393,"32","22.4",1471,1022,0.6945844,1.696,"2024/11/15 12:56:16","Bkgrnd 29: 32",315.8,101.9,249.762,1.4891616,"0.1","0.2","1.3",6828,7713,9061,1.1074313,1.3256874,-38.349,21.726,3.68597524096655,-1.42878025236897,-1.89927064348107,-26.8650098523258,1.30652694643778,43.6484243135611,0,0,0,0,0,"241115_24-315.1-24-320.2.xls"
9,"24-315.2",NA,"N2_CO2+He_2.met",5.108,2,0,194.1,276.4,55.635,1.2472735,"32.9","23.1",2049,1424,0.6945964,1.678,"2024/11/15 13:07:41","Bkgrnd 30: N/A",315.3,106.6,279.391,1.6860407,"0.2","0.2","1.5",7324,8251,9706,1.1040557,1.3240587,-41.422,20.542,4.01881249960966,-1.49956748302788,-1.97135509138272,-30.096058405473,1.8446221129097,49.4190364786455,0,0,0,0,0,"241115_24-315.1-24-320.2.xls"
10,"24-315.3",NA,"N2_CO2+He_2.met",5.089,2,0,193.7,277,53.308,1.1995723,"33.6","23.7",1858,1290,0.6945007,1.319,"2024/11/15 13:19:07","Primary He: 2400",314.9,104.4,257.648,1.5606303,"0.2","0.3","1.6",7040,7928,9322,1.1034852,1.3237778,-41.852,20.41,3.97608641371748,-1.85179122318144,-2.3300335367815,-30.5481738880156,1.77406752051891,45.7432560540285,0,0,0,0,0,"241115_24-315.1-24-320.2.xls"
11,"24-315.4",NA,"N2_CO2+He_2.met",5.2,2,0,193.1,277.3,69.525,1.5311139,"34.2","24.1",2591,1803,0.69524,2.85,"2024/11/15 13:30:32","Secondary He: 2500",315.6,103.6,245.188,1.4534568,"0.2","0.3","1.6",6759,7618,8946,1.1049384,1.3236359,-40.26,20.605,4.24168640012003,-0.362914775701945,-0.8138725609768,-28.8742951712534,2.26437244146062,42.6018655754647,0,0,0,0,0,"241115_24-315.1-24-320.2.xls"
13,"24-315.5",NA,"N2_CO2+He_2.met",5.02,2,0,194,276.2,54.934,1.2531626,"34.6","24.3",2034,1413,0.6942674,1.295,"2024/11/15 13:53:24","Peak Center: 58486",315.4,104.8,260,1.596522,"0.1","0.2","1.6",7082,7989,9385,1.1048298,1.3244362,-40.435,21.201,4.00613246465595,-1.880556458383,-2.35932591167687,-29.0582956583346,1.85330847952549,46.7953156443091,0,0,0,0,0,"241115_24-315.1-24-320.2.xls"
14,"24-315.6",NA,"N2_CO2+He_2.met",5.164,2,0,193.6,276.2,56.434,1.2514733,"35.2","24.8",2075,1442,0.6943944,1.83,"2024/11/15 14:04:49","Job No-24-315.1",315.1,105.7,281.594,1.6809059,"0.2","0.3","1.5",7374,8305,9765,1.103598,1.3239616,-41.438,20.949,4.03307181375029,-1.3498289777525,-1.81887254075994,-30.112881307149,1.85082265566923,49.2685650434881,0,0,0,0,0,"241115_24-315.1-24-320.2.xls"
15,"24-315.7",NA,"N2_CO2+He_2.met",5.076,2,0,195,272.8,38.225,0.8623703,"35.6","25",1458,1013,0.694691,2.237,"2024/11/15 14:16:15","Oxygen Tank: 1800",314,108.3,287.859,1.7480905,"0.2","0.2","1.8",7587,8582,10044,1.1075706,1.3233986,-37.586,20.653,3.64348975181513,-0.881042150617277,-1.34149492190046,-26.0627677286515,1.27536967809292,51.2378560386714,0,0,0,0,0,"241115_24-315.1-24-320.2.xls"
16,"24-315.8",NA,"N2_CO2+He_2.met",5.126,2,0,193.5,276.1,58.255,1.3014393,"35.7","25.2",2157,1499,0.6945528,2.071,"2024/11/15 14:27:41","CO2 Peak Center: 9",315.4,103.3,259.731,1.5618913,"0.3","0.3","1.9",7016,7923,9287,1.1066264,1.3233792,-38.392,20.738,4.0648299256719,-1.11386574192407,-1.57858514116187,-26.9102214005801,1.92470782298841,45.7802263878061,0,0,0,0,0,"241115_24-315.1-24-320.2.xls"
19,"24-315.9",NA,"N2_CO2+He_2.met",5.042,2,0,195.9,281.4,54.706,1.2424967,"39.3","27.7",1931,1341,0.6945292,2.381,"2024/11/16 19:17:58",NA,316.8,108.8,267.794,1.6372068,"0.1","0.1","2.2",7210,8094,9529,1.0996155,1.3212854,-40.973,21.453,4.00197339262641,-0.793896839037966,-1.25275262171526,-29.6239657271902,1.83756337643117,47.9877901652379,0,0,0,0,0,"241115_24-315.1-24-320.2.xls"
20,"24-315.10",NA,"N2_CO2+He_2.met",5.335,2,0,197.2,278.4,36.841,0.7907988,"40.5","28.8",1343,933,0.694153,1.698,"2024/11/16 19:29:23",NA,315.9,118,302.323,1.7467956,"0.2","0.3","2.3",7665,8641,10125,1.1040007,1.320844,-37.207,20.962,3.60661135542696,-1.41419332099883,-1.88441639809518,-25.6642752452011,1.16951876110027,51.1999474168431,0,0,0,0,0,"241115_24-315.1-24-320.2.xls"
21,"24-315.11",NA,"N2_CO2+He_2.met",5.316,2,0,195.2,284.2,74.805,1.6114316,"41.2","29.5",2742,1905,0.6944898,2.326,"2024/11/16 19:40:48",NA,315.6,117.4,296.134,1.7171517,"0.5","0.6","2.8",7592,8548,10023,1.1025104,1.320522,-38.691,20.721,4.3148847276662,-0.89852386362611,-1.35929699748509,-27.2245993756504,2.38317460147313,50.3310569652714,0,0,0,0,0,"241115_24-315.1-24-320.2.xls"
22,"24-315.12",NA,"N2_CO2+He_2.met",5.053,2,0,194.8,280.5,60.536,1.3719343,"41.6","29.7",2249,1567,0.6963705,5.118,"2024/11/16 19:52:14",NA,316.1,110.2,275.874,1.6829377,"0.5","0.6","2.8",7330,8235,9676,1.1003519,1.3203048,-40.82,20.623,4.10323822939222,1.92704278864138,1.5180498098712,-29.4630967299134,2.02896534591525,49.3280813823105,0,0,0,0,0,"241115_24-315.1-24-320.2.xls"
24,"24-315.13",NA,"N2_CO2+He_2.met",5.018,2,0,194.1,278.4,59.334,1.3540721,"40.6","28.8",2231,1553,0.6960744,4.616,"2024/11/16 20:15:04",NA,315.1,107.3,277.277,1.7032924,"0.3","-0.6","2.3",7413,8338,9798,1.1016294,1.3215779,-40.001,21.516,4.08318249751591,1.4282235820084,1.01008945066268,-28.6019744503731,2.00254911759291,49.9247547093951,0,0,0,0,0,"241115_24-315.1-24-320.2.xls"
25,"24-315.14",NA,"N2_CO2+He_2.met",5.174,2,0,194.4,273.7,40.677,0.9003093,"40.9","29",1529,1060,0.6929211,0.085,"2024/11/16 20:26:30",NA,315,104.6,255.487,1.5221204,"0.3","0.4","2.5",6989,7845,9236,1.100438,1.3219887,-41.498,21.784,3.70566282214828,-3.04290265787487,-3.54297278246179,-30.175967188434,1.33147402313681,44.6144077906161,0,0,0,0,0,"241115_24-315.1-24-320.2.xls"
26,"24-315.15",NA,"N2_CO2+He_2.met",5.284,2,0,194.2,275.3,48.873,1.0591828,"40.7","28.9",1848,1283,0.6935837,1.027,"2024/11/16 20:37:56",NA,314.7,105.6,267.303,1.5593634,"0.3","0.4","2.5",7217,8171,9538,1.1088616,1.3216879,-33.4,21.47,3.88922509675214,-2.13001521627441,-2.61335614664226,-21.6614760776673,1.56644949200772,45.7060588230851,0,0,0,0,0,"241115_24-315.1-24-320.2.xls"
27,"24-315.16",NA,"N2_CO2+He_2.met",5.269,2,0,194.8,273.7,37.513,0.8153011,"40.7","28.9",1421,987,0.6939972,1.629,"2024/11/16 20:49:22",NA,313.2,109.6,299.839,1.754149,"0.3","0.3","2.4",7856,8860,10379,1.1040534,1.3212893,-37.976,21.232,3.62468753956803,-1.48606016260659,-1.95760024144529,-26.472825957004,1.20576814257216,51.415335306889,0,0,0,0,0,"241115_24-315.1-24-320.2.xls"
29,"24-315.17",NA,"N2_CO2+He_2.met",5.23,2,0,195,272.4,34.242,0.749759,"40.3","28.5",1291,896,0.693431,0.845,"2024/11/16 21:12:12",NA,313.5,107.8,291.467,1.7178821,"0.2","0.3","2.3",7697,8683,10180,1.1047611,1.3223891,-37.4,22.06,3.53345296078263,-2.25559056634189,-2.74123273816041,-25.8672014966679,1.10883682549662,50.3524320707437,0,0,0,0,0,"241115_24-315.1-24-320.2.xls"
30,"24-315.18",NA,"N2_CO2+He_2.met",5.195,2,0,193.8,280,61.752,1.3612308,"40.4","28.6",2177,1509,0.6930113,0.335,"2024/11/16 21:23:38",NA,316.2,107.6,283.953,1.6848717,"0.3","0.4","2.4",7163,8046,9472,1.1023719,1.322727,-39.987,22.055,4.12312636364755,-2.85911142412492,-3.35581346727588,-28.5872544114066,2.01314790187754,49.3848409868998,0,0,0,0,0,"241115_24-315.1-24-320.2.xls"
31,"24-315.19",NA,"N2_CO2+He_2.met",5.195,2,0,194,279,56.326,1.2416144,"40.6","28.8",1990,1380,0.6931685,0.482,"2024/11/16 21:35:03",NA,316,107.2,288.019,1.7089988,"0.3","0.4","2.3",7288,8184,9638,1.1014428,1.322428,-40.612,21.948,4.03115624026634,-2.69752517216369,-3.1912660531067,-29.2443990081254,1.83625742844206,50.091995915542,0,0,0,0,0,"241115_24-315.1-24-320.2.xls"
32,"24-315.20",NA,"N2_CO2+He_2.met",5.017,2,0,194.9,273.5,38.103,0.8697262,"40.5","28.7",1416,982,0.6932639,0.622,"2024/11/16 21:46:29",NA,315.4,103,253.446,1.5572087,"0.3","0.3","2.4",6969,7834,9214,1.1019894,1.3222144,-40.184,21.761,3.64029301919029,-2.49553515610858,-2.98557445232722,-28.7943863882923,1.28624967039363,45.6429904136042,0,0,0,0,0,"241115_24-315.1-24-320.2.xls"
35,"24-315.21",NA,"N2_CO2+He_2.met",5.198,2,0,193.8,277.9,62.816,1.3838905,"39.6","28",2304,1598,0.6934197,0.885,"2024/11/16 22:20:47",NA,315.3,106,286.162,1.6970001,"0.2","0.2","2.2",7407,8325,9810,1.1017256,1.3237083,-40.72,22.748,4.14020981809405,-2.31182082106561,-2.79849344506191,-29.3579535944384,2.04665296757019,49.7403042585477,0,0,0,0,0,"241115_24-315.1-24-320.2.xls"
36,"24-315.22",NA,"N2_CO2+He_2.met",5.272,2,0,193.4,278.4,74.081,1.6091519,"39.9","28.2",2811,1952,0.6942438,2.075,"2024/11/16 22:32:13",NA,314.1,105.9,294.533,1.7221225,"0.2","0.3","2.3",7760,8731,10264,1.1015022,1.3223552,-40.827,21.811,4.3051590891669,-1.1479813995256,-1.61332598806486,-29.4704567493967,2.37980647223652,50.4767412800425,0,0,0,0,0,"241115_24-315.1-24-320.2.xls"
37,"24-315.23",NA,"N2_CO2+He_2.met",5.307,2,0,194.8,273.7,40.444,0.8727216,"40","28.4",1542,1069,0.6927568,-0.051,"2024/11/16 22:43:39",NA,313.1,107,304.395,1.7680504,"0.2","0.3","2.3",7995,9025,10570,1.1050085,1.3218305,-37.523,21.444,3.69991830122915,-3.17799158994931,-3.68053729791982,-25.9965275533022,1.29067001577206,51.8228361162024,0,0,0,0,0,"241115_24-315.1-24-320.2.xls"
38,"24-315.24",NA,"N2_CO2+He_2.met",5.164,2,0,194,277.8,56.449,1.2517961,"39.8","28.3",2049,1424,0.6947356,2.846,"2024/11/16 22:55:05",NA,315.4,106.2,292.866,1.7481926,"0.3","0.4","2.4",7532,8466,9957,1.101428,1.3221145,-40.962,21.47,4.03333757564691,-0.333871126983616,-0.784296670474767,-29.612399982288,1.85131459917553,51.2407493413431,0,0,0,0,0,"241115_24-315.1-24-320.2.xls"
40,"24-315.25",NA,"N2_CO2+He_2.met",5.18,2,0,194.5,277.2,50.709,1.1210324,"39.2","27.8",1813,1257,0.6931512,0.543,"2024/11/16 23:17:57",NA,316.1,105.1,279.739,1.6646764,"0.2","0.3","2.3",7221,8114,9557,1.1019008,1.3232006,-40.51,22.44,3.92610340963615,-2.61986403264928,-3.112181727965,-29.1371530099409,1.65792733953631,48.7928300498793,0,0,0,0,0,"241115_24-315.1-24-320.2.xls"
41,"24-315.26",NA,"N2_CO2+He_2.met",5.201,2,0,195.4,274,33.608,0.7399749,"39.6","28.1",1213,840,0.6918662,-1.3,"2024/11/16 23:29:23",NA,315.8,103.8,267.453,1.5851367,"0.2","0.3","2.3",7133,8011,9433,1.1012461,1.3226297,-41.012,22.029,3.51476413386708,-4.39762656098637,-4.92252279036516,-29.6649715500255,1.09437464240464,46.4615153344678,0,0,0,0,0,"241115_24-315.1-24-320.2.xls"
42,"24-315.27",NA,"N2_CO2+He_2.met",5.169,2,0,194,277.4,53.541,1.1861644,"39.6","28.1",1937,1345,0.6940725,1.839,"2024/11/16 23:40:49",NA,316.4,105.7,259.384,1.5468271,"0.3","0.3","2.4",6692,7505,8849,1.1016314,1.3229916,-40.749,22.327,3.98044771554199,-1.33248291571106,-1.80120860202571,-29.3884451037262,1.75424461867446,45.3387352772289,0,0,0,0,0,"241115_24-315.1-24-320.2.xls"
43,"24-315.28",NA,"N2_CO2+He_2.met",5.157,2,0,194.1,279,50.824,1.1285939,"39.8","28.4",1806,1252,0.6929615,0.02,"2024/11/16 23:52:15",NA,316.7,111,263.28,1.5737169,"0.4","0.5","2.5",6619,7431,8753,1.1029973,1.32321,-39.476,22.527,3.92836868396423,-3.14322329999498,-3.64513185879593,-28.0499729891292,1.66909831106752,46.1268171180511,0,0,0,0,0,"241115_24-315.1-24-320.2.xls"
45,"24-315.29",NA,"N2_CO2+He_2.met",5.115,2,0,193.9,279.6,59.987,1.343014,"39.1","27.7",2144,1489,0.694221,2.065,"2024/11/17 00:15:07",NA,316.8,107.5,262.572,1.5823745,"0.2","0.3","2.3",6593,7400,8727,1.1030783,1.3237293,-39.411,22.888,4.09412787207982,-1.12451232945208,-1.58942683360907,-27.9816299510705,1.9861942110563,46.3805104813707,0,0,0,0,0,"241115_24-315.1-24-320.2.xls"
46,"24-315.30",NA,"N2_CO2+He_2.met",5.048,2,0,193.4,279,87.619,1.9876677,"39.5","28",3304,2292,0.6935184,1.156,"2024/11/17 00:26:32",NA,315.7,99.9,245.883,1.5014629,"0.3","0.3","2.4",6925,7783,9158,1.1013675,1.3224047,-41.007,21.867,4.4729978694012,-2.09360024755319,-2.57627385240372,-29.6597143932517,2.93960618702344,44.0090412309366,0,0,0,0,0,"241115_24-315.1-24-320.2.xls"
47,"24-315.31",NA,"N2_CO2+He_2.met",5.237,2,0,194.6,280.7,53.636,1.1728484,"39.5","28",1886,1309,0.6935714,0.996,"2024/11/17 00:37:59",NA,316.8,111,290.535,1.7100996,"0.3","0.3","2.4",7128,7999,9424,1.1009697,1.322541,-41.358,21.992,3.9822204844174,-2.17576407281442,-2.65994337763183,-30.028766798769,1.73453878370886,50.12433622759,0,0,0,0,0,"241115_24-315.1-24-320.2.xls"
50,"24-320.26",NA,"N2_CO2+He_2.met",5.016,2,0,195.2,284.2,24.896,0.552789,"40.7","28.9",820,569,0.6946709,3.049,"2024/11/17 01:00:52",NA,315,104.6,290.298,1.73430258,"0.3","0.4","2.5",7359,8277,9720,1.103826,1.3291257,-38.885,21.708,3.21470714799598,-0.00103820688032252,-0.445364393200842,-27.4285770584719,0.84058619687346,52.29007517128,0,0,0,0,0,"241115_24-315.1-24-320.2.xls"
7,"UU-CN-3","RM","N2_CO2+He_2.met",0.548,2,0,192,269.1,32.37,6.7644027,"31","21.7",1113,783,0.7021664,12.611,"2024/11/15 12:44:50","Bkgrnd 28: 45",317.3,76.1,26.729,1.5035311,"0.2","0.3","1.5",884,995,1182,1.1230411,1.339103,-24.319,31.859,3.47723206793815,9.51932593913147,9.24946597238736,-12.1134279451812,10.0039692395588,44.0691732111232,0,0,0,0,0,"241115_24-315.1-24-320.2.xls"
23,"UU-CN-3","RM","N2_CO2+He_2.met",0.522,2,0,193.1,271.8,30.874,6.7730212,"41.3","29.4",1047,735,0.7018193,12.52,"2024/11/16 20:03:39",NA,318.5,76.7,24.823,1.4658617,"0.6","0.7","2.8",814,912,1079,1.1180699,1.3274594,-24.692,25.964,3.42991440575965,9.43583041251237,9.16444034159815,-12.505611840503,10.0168830567523,42.9651680194386,0,0,0,0,0,"241115_24-315.1-24-320.2.xls"
39,"UU-CN-3","RM","N2_CO2+He_2.met",0.52,2,0,193,272.8,33.752,7.432978,"39.6","28.1",1146,805,0.701674,12.85,"2024/11/16 23:06:31",NA,318.3,75.5,26.553,1.5740458,"0.4","0.6","2.4",886,993,1177,1.1191653,1.3308622,-24.621,28.235,3.51903967482204,9.75169534796246,9.48609368601449,-12.4309602143158,10.9927506140495,46.1363254574169,0,0,0,0,0,"241115_24-315.1-24-320.2.xls"
12,"UU-CN-2","RM","N2_CO2+He_2.met",0.493,2,0,192.7,269.1,26.959,6.2622688,"34.6","24.3",913,633,0.6926294,-0.892,"2024/11/15 13:41:58","CO2 Reference Tank: 900",317.9,74.6,22.12,1.3830619,"0.4","0.5","1.9",729,808,972,1.106066,1.3337423,-39.458,28.451,3.29431719336805,-3.95466417863887,-4.47144286428956,-28.0310472247437,9.26119580131336,40.5388060376161,0,0,0,0,0,"241115_24-315.1-24-320.2.xls"
28,"UU-CN-2","RM","N2_CO2+He_2.met",0.494,2,0,193.1,270.8,27.892,6.4656601,"40.6","28.8",941,652,0.6921063,-1.027,"2024/11/16 21:00:47",NA,318.3,74.4,22.304,1.3917326,"0.5","0.6","2.8",741,818,984,1.1025923,1.3284107,-39.739,26.596,3.32833990935876,-4.0950601038546,-4.61441162663006,-28.3264994354285,9.56231210086786,40.7932735522888,0,0,0,0,0,"241115_24-315.1-24-320.2.xls"
44,"UU-CN-2","RM","N2_CO2+He_2.met",0.534,2,0,193.3,272.2,30.647,6.5722072,"39.5","28.1",1035,717,0.6919624,-1.11,"2024/11/17 00:03:41",NA,318.5,74.6,24.277,1.4013816,"0.4","0.5","2.5",811,896,1080,1.1033111,1.3318946,-39.602,29.109,3.42253477830951,-4.19299919539278,-4.71414550908038,-28.1824533398278,9.71979080922059,41.0758454843158,0,0,0,0,0,"241115_24-315.1-24-320.2.xls"
6,"SPINACH","RM","N2_CO2+He_2.met",0.215,2,0,195.6,256.9,7.277,3.3431141,"30.3","21.2",212,147,0.6945227,1.635,"2024/11/15 12:33:24","GC Temp: 41",319.7,64.7,9.687,1.2885144,"0.3","0.5","1.7",302,334,406,1.1075019,1.3452932,-38.939,36.755,1.98471868936495,-0.00949475132019573,-0.453975908744391,-27.4853543516284,5.7322367850846,40.7083584559041,0,0,0,0,0,"241115_24-315.1-24-320.2.xls"
17,"SPINACH","RM","N2_CO2+He_2.met",0.397,2,0,196.1,264.1,13.88,4.0037425,"39.9","28.2",481,335,0.6981257,2.875,"2024/11/16 18:55:05","N2 Reference Tank: 800",320.7,71.2,17.725,1.352992,"0.2","0.3","2.5",586,645,780,1.0988073,1.3322795,-39.21,31.311,2.63044895507866,0.0736577656895494,-0.369299573415466,-27.7702922487657,5.92119230564587,40.3393120361636,0,0,0,0,0,"241115_24-315.1-24-320.2.xls"
18,"SPINACH","RM","N2_CO2+He_2.met",0.503,2,0,195.5,264.7,16.803,3.8254251,"39.4","27.9",591,412,0.6991845,2.946,"2024/11/16 19:06:32",NA,319.7,73.1,22.458,1.3456572,"0.2","0.3","2.5",742,818,987,1.1008738,1.3309805,-38.533,30.043,2.82155744189581,-0.041685559511464,-0.486756632250253,-27.0584732215998,5.6575584449745,40.3399952414304,0,0,0,0,0,"241115_24-315.1-24-320.2.xls"
33,"SPINACH","RM","N2_CO2+He_2.met",0.745,2,0,193.7,270.9,26.332,4.0475917,"40.1","28.4",890,619,0.6949283,3.049,"2024/11/16 21:57:55",NA,318,77.9,33.293,1.3568363,"0.4","0.5","2.5",1087,1202,1442,1.1038783,1.3293242,-38.752,27.134,3.27078492960563,-0.00993201523800602,-0.454421185778247,-27.2887366882901,5.98601471960332,40.3765686505154,0,0,0,0,0,"241115_24-315.1-24-320.2.xls"
34,"SPINACH","RM","N2_CO2+He_2.met",1.49,2,0,193,275.9,51.813,3.9821485,"39.4","27.9",1765,1228,0.6950026,3.159,"2024/11/16 22:09:21",NA,317.1,85.1,66.432,1.3536523,"0.3","0.4","2.3",2127,2358,2823,1.1037977,1.3292565,-38.918,27.048,3.94764108302989,-0.00727985856349944,-0.451720426787523,-27.4632742931786,5.88928643222707,40.2831857836639,0,0,0,0,0,"241115_24-315.1-24-320.2.xls"
48,"SPINACH","RM","N2_CO2+He_2.met",3.026,2,0,192.4,281.3,107.196,4.0567393,"39.3","27.9",3705,2575,0.6950439,3.244,"2024/11/17 00:49:25",NA,316.9,91.4,134.928,1.3663282,"0.3","0.4","2.4",4205,4693,5562,1.1036916,1.324328,-38.908,23.341,4.6746589345077,-0.0375832328778918,-0.482579128091089,-27.4527599796312,5.99956638449523,40.2870909975873,0,0,0,0,0,"241115_24-315.1-24-320.2.xls"
49,"SPINACH","RM","N2_CO2+He_2.met",7.157,2,0,192.1,284.3,259.309,4.1490933,"39.4","27.9",8918,6197,0.6951154,3.454,"2024/11/17 01:00:51",NA,313.2,107,319.597,1.3765046,"0.2","0.3","2.4",8266,9322,10932,1.1034825,1.3215671,-39.016,21.23,5.55802040077375,0.0323176518215091,-0.411397268955048,-27.5663145659442,6.13616147818379,40.3463662899962,0,0,0,0,0,"241115_24-315.1-24-320.2.xls"
7,"24-333.1",NA,"N2_CO2+He_2.met",5.112,2,0,192.3,274.4,73.534,1.6472719,"33.5","23.9",2729,1903,0.6972954,6.583,"2024/11/18 16:12:08","Bkgrnd 29: 32",312.5,98.1,256.771,1.5483227,"0.1","0.2","2.3",7102,8012,9398,1.106166,1.321702,-35.918,21.93,4.29774788429333,2.99945360595725,3.28319386215585,-24.361430342202,2.43902612707407,46.3100267839717,0,1,0,1,0,"241118_24-333.1.xls"
8,"24-333.2",NA,"N2_CO2+He_2.met",5.167,2,0,195.4,269.3,22.919,0.5079641,"34.7","24.8",815,564,0.6912429,-2.168,"2024/11/18 16:23:34","Bkgrnd 30: N/A",312.6,102.4,287.768,1.7167637,"0.2","0.2","2.3",7463,8395,9863,1.1034986,1.3206019,-38.261,20.86,3.13196626087727,-5.59504994899436,-5.62042825520438,-26.8243341892071,0.752101249154753,51.3480483831248,0,1,0,1,0,"241118_24-333.1.xls"
9,"24-333.3",NA,"N2_CO2+He_2.met",5.345,2,0,194.2,272.1,32.22,0.6903208,"35.1","25",1134,786,0.6926239,-0.049,"2024/11/18 16:34:59","Primary He: 2400",313,102.9,297.693,1.7168293,"0.2","0.3","2.4",7624,8565,10075,1.1018164,1.320531,-39.967,20.946,3.47258737774883,-3.69440801519286,-3.65142592123856,-28.6176393377308,1.02210834352295,51.3500437568796,0,1,0,1,0,"241118_24-333.1.xls"
10,"24-333.4",NA,"N2_CO2+He_2.met",5.24,2,0,193,271.8,56.751,1.2402489,"35.9","25.6",2210,1530,0.6919834,-1.017,"2024/11/18 16:46:25","Secondary He: 2500",310.7,99.5,284.68,1.6746799,"0.2","0.3","2.4",7765,8745,10260,1.1026041,1.3203786,-39.27,20.735,4.03867327735164,-4.61996900946985,-4.61027657350952,-27.8849701181991,1.8363748594733,50.0893706516002,0,1,0,1,0,"241118_24-333.1.xls"
12,"24-333.5",NA,"N2_CO2+He_2.met",5.205,2,0,194.5,271.1,30.749,0.6765044,"36.3","25.9",1101,762,0.6919978,-1.316,"2024/11/18 17:09:17","Peak Center: 58486",312.5,103,291.031,1.7235506,"0.2","0.2","2.3",7492,8422,9910,1.1023463,1.3216748,-39.657,21.679,3.42585747339853,-4.96491131863065,-4.96762542483299,-28.2917749789721,1.001680846539,51.5511576722609,0,1,0,1,0,"241118_24-333.1.xls"
13,"24-333.6",NA,"N2_CO2+He_2.met",5.112,2,0,193.6,277.2,49.843,1.1165444,"36.9","26.3",1718,1191,0.6927156,0.015,"2024/11/18 17:20:43","Job No-24-333.1",313.5,105.9,287.516,1.7337111,"0.2","0.3","2.4",7094,7959,9378,1.1021351,1.3215378,-39.969,21.479,3.90887806528407,-3.59769965238397,-3.5512392481476,-28.6197416884324,1.65322679647174,51.8550524039725,0,1,0,1,0,"241118_24-333.1.xls"
14,"24-333.7",NA,"N2_CO2+He_2.met",5.084,2,0,193.3,274.3,53.05,1.1949517,"37.3","26.6",1947,1348,0.6920406,-1.028,"2024/11/18 17:32:09","Oxygen Tank: 1800",313,102.1,284.938,1.7276324,"0.2","0.3","2.4",7411,8339,9795,1.1040682,1.3210558,-38.167,21.128,3.97123486505999,-4.63602481313357,-4.62690985636272,-26.7255237062287,1.76928971643677,51.6731259206456,0,1,0,1,0,"241118_24-333.1.xls"
15,"24-333.8",NA,"N2_CO2+He_2.met",5.087,2,0,193.7,274.6,41.662,0.9378865,"37.5","26.6",1439,998,0.6935235,1.099,"2024/11/18 17:43:35","CO2 Peak Center: 9",313.2,101.9,283.564,1.7182831,"0.2","0.3","2.4",7383,8276,9758,1.099609,1.3209725,-42.351,21.034,3.72958944236172,-2.52714077660136,-2.44217557467193,-31.1236413741201,1.38866498154322,51.3936261675205,0,1,0,1,0,"241118_24-333.1.xls"
18,"24-333.9",NA,"N2_CO2+He_2.met",5.109,2,0,194.3,273,44.727,1.0025291,"37.5","26.5",1647,1142,0.6933078,0.707,"2024/11/18 18:17:52",NA,313.3,101.3,282.623,1.7052085,"0.2","0.2","2.1",7416,8335,9816,1.1024468,1.3227157,-39.886,22.378,3.80057734611437,-2.91381887041055,-2.84276132186785,-28.5324941343132,1.48440693175925,51.002504662607,0,1,0,1,0,"241118_24-333.1.xls"
19,"24-333.10",NA,"N2_CO2+He_2.met",5.156,2,0,193.8,273.6,50.162,1.1141112,"37.9","26.8",1860,1287,0.6917863,-1.45,"2024/11/18 18:29:17",NA,312.9,101,282.202,1.6871471,"0.2","0.3","2.3",7456,8383,9862,1.102419,1.3221196,-39.897,21.914,3.91525776793808,-5.06222137119443,-5.06843542865796,-28.5440570631723,1.64960909385149,50.462304919928,0,1,0,1,0,"241118_24-333.1.xls"
20,"24-333.11",NA,"N2_CO2+He_2.met",5.289,2,0,194.4,271.2,38.181,0.8266772,"38","26.9",1442,1000,0.6932848,0.743,"2024/11/18 18:40:44",NA,312.3,99.6,272.329,1.5871775,"0.2","0.3","2.3",7374,8323,9749,1.1066919,1.3219034,-35.9,21.706,3.64233800967802,-2.88968194650791,-2.81775626507422,-24.3425091858869,1.22403218877113,47.4722951533586,0,1,0,1,0,"241118_24-333.1.xls"
21,"24-333.12",NA,"N2_CO2+He_2.met",5.194,2,0,193.6,279.9,55.687,1.2277651,"38","27",1837,1272,0.6923585,-0.655,"2024/11/18 18:52:09",NA,314.3,107.3,291.111,1.727677,"0.2","0.3","2.3",6964,7801,9208,1.1022577,1.3224971,-39.891,21.589,4.01974672651507,-4.25938791780131,-4.23672645949133,-28.5377500110673,1.81790416062965,51.6745348119301,0,1,0,1,0,"241118_24-333.1.xls"
23,"24-333.13",NA,"N2_CO2+He_2.met",5.05,2,0,193.5,273.9,49.677,1.126509,"38","27",1799,1247,0.6929383,0.13,"2024/11/18 19:15:01",NA,313,101.7,278.894,1.7023658,"0.2","0.2","2.2",7259,8139,9604,1.1002411,1.3224801,-41.892,22.121,3.90554204932846,-3.48294975082368,-3.43236213616963,-30.6411518880871,1.66795023808138,50.9175733724847,0,1,0,1,0,"241118_24-333.1.xls"
24,"24-333.14",NA,"N2_CO2+He_2.met",5.228,2,0,193.7,272.9,46.663,1.022131,"38.2","26.8",1714,1186,0.6923142,-0.757,"2024/11/18 19:26:27",NA,313,99.8,272.105,1.60438,"0.2","0.3","2.3",7297,8212,9651,1.1035975,1.3220141,-38.639,21.829,3.84295155942573,-4.37464210963539,-4.3561259995545,-27.2216784718226,1.51340855459526,47.9866959266988,0,1,0,1,0,"241118_24-333.1.xls"
25,"24-333.15",NA,"N2_CO2+He_2.met",5.099,2,0,194.7,275.5,34.41,0.7728002,"38.3","27.2",1164,809,0.6947996,2.9,"2024/11/18 19:37:53",NA,314,104.7,285.132,1.7237175,"0.2","0.3","2.3",7092,7942,9380,1.1001975,1.3223724,-41.828,22.099,3.53834721980939,-0.740478052592646,-0.591251941441015,-30.5738766656337,1.14424432607944,51.5561944780352,0,1,0,1,0,"241118_24-333.1.xls"
26,"24-333.16",NA,"N2_CO2+He_2.met",5.306,2,0,194,277.6,50.711,1.094471,"38.4","27.3",1754,1223,0.6970611,6.121,"2024/11/18 19:49:19",NA,313.7,106,300.016,1.7429445,"0.2","0.3","2.2",7343,8243,9710,1.1027911,1.3220838,-39.424,21.831,3.92614284958883,2.50959467464384,2.77571617163634,-28.0468511222276,1.62051865925682,52.1311224185317,0,1,0,1,0,"241118_24-333.1.xls"
28,"24-333.17",NA,"N2_CO2+He_2.met",5.263,2,0,191.8,277.3,138.014,3.0030013,"38.2","27.1",5403,3760,0.6955336,3.857,"2024/11/18 20:12:12",NA,312.5,95.1,244.621,1.4327339,"0.1","0.2","2.2",7021,8022,9289,1.1192759,1.3224486,-24.033,22.062,4.92735512928694,0.320654755981098,0.508046637408309,-11.8682112975342,4.44640358857969,42.8529053905801,0,1,0,1,0,"241118_24-333.1.xls"
29,"24-333.18",NA,"N2_CO2+He_2.met",5.064,2,0,192.7,275.4,70.356,1.5910237,"38.5","27.4",2602,1809,0.6952033,3.441,"2024/11/18 20:23:38",NA,313.4,98.3,255.548,1.5555495,"0.2","0.3","2.3",6995,7872,9250,1.1039606,1.3222719,-38.441,21.968,4.25356806777008,-0.145858519442072,0.0247542761285434,-27.0135457523573,2.35573562758782,46.5263190209034,0,1,0,1,0,"241118_24-333.1.xls"
30,"24-333.19",NA,"N2_CO2+He_2.met",5.318,2,0,192.9,276.8,77.294,1.6644301,"38.7","27.5",2888,2003,0.693344,0.743,"2024/11/18 20:35:04",NA,311.8,102.6,301.244,1.7461287,"0.2","0.3","2.3",7837,8793,10363,1.099593,1.3217122,-42.489,21.31,4.34761633291717,-2.83680779645883,-2.76298039014397,-31.2687035725353,2.464430396353,52.2263863921781,0,1,0,1,0,"241118_24-333.1.xls"
31,"24-333.20",NA,"N2_CO2+He_2.met",5.06,2,0,193.6,275.1,48.987,1.1086509,"38.6","27.4",1760,1220,0.6930315,0.337,"2024/11/18 20:46:30",NA,313.7,101.1,268.335,1.6346813,"0.2","0.3","2.4",7054,7934,9327,1.1038478,1.3220093,-38.427,21.797,3.89155495678828,-3.27699835192959,-3.21900328204032,-26.9988292974457,1.64153230453754,48.8930028603623,0,1,0,1,0,"241118_24-333.1.xls"
34,"24-333.21",NA,"N2_CO2+He_2.met",5.158,2,0,195.5,272.1,28.615,0.6353041,"38.3","27.2",1016,702,0.6914847,-1.872,"2024/11/18 21:20:49",NA,312.6,104.2,296.195,1.7701165,"0.1","0.2","2.1",7550,8491,9999,1.1027843,1.3229591,-39.555,22.504,3.35393105586107,-5.52630358444693,-5.54920928973895,-28.184555093187,0.940657493146821,52.94394395388,0,1,0,1,0,"241118_24-333.1.xls"
35,"24-333.22",NA,"N2_CO2+He_2.met",5.042,2,0,193.3,273.4,59.881,1.3600437,"38.4","27.3",2263,1566,0.6920398,-1.168,"2024/11/18 21:32:15",NA,313.1,98.5,265.455,1.6229098,"0.2","0.3","2.3",7274,8162,9620,1.1001767,1.3219938,-41.88,21.761,4.09235925947878,-4.76694421446199,-4.76253803660679,-30.6285377838771,2.01374887103127,48.5409166655563,0,1,0,1,0,"241118_24-333.1.xls"
36,"24-333.23",NA,"N2_CO2+He_2.met",5.03,2,0,193.7,273.8,50.751,1.1554317,"38.5","27.3",1882,1309,0.6951488,3.321,"2024/11/18 21:43:42",NA,312.6,101.1,282.271,1.7298358,"0.2","0.2","2.2",7480,8423,9890,1.1034215,1.321772,-38.845,21.582,3.92693132216126,-0.290346214199998,-0.12493020843856,-27.4382205940945,1.71078615086454,51.7390180026743,0,1,0,1,0,"241118_24-333.1.xls"
37,"24-333.24",NA,"N2_CO2+He_2.met",5.123,2,0,193.8,279.3,52.12,1.1650637,"38.6","27.4",1762,1219,0.6918488,-1.393,"2024/11/18 21:55:08",NA,313.8,106.9,287.217,1.728193,"0.2","0.3","2.4",7008,7871,9266,1.1030863,1.3224055,-39.181,21.74,3.95354875225664,-5.00235072682089,-5.00641141644869,-27.7914155119749,1.72503995315672,51.6898998402876,0,1,0,1,0,"241118_24-333.1.xls"
39,"24-333.25",NA,"N2_CO2+He_2.met",5.274,2,0,193.2,283.3,72.257,1.5689462,"38.1","27",2372,1645,0.6933043,0.655,"2024/11/18 22:18:01",NA,314.7,108.8,282.123,1.6489404,"0.2","0.3","2.3",6601,7401,8734,1.1039194,1.3233442,-38.513,22.771,4.28022920811256,-2.9298597551408,-2.8593791491982,-27.0892303776174,2.32305187446774,49.3194554445799,0,1,0,1,0,"241118_24-333.1.xls"
40,"24-333.26",NA,"N2_CO2+He_2.met",5.022,2,0,195.4,275.5,27.78,0.6334536,"38.9","27.6",925,640,0.6922755,-0.755,"2024/11/18 22:29:27",NA,313.6,106.6,284.894,1.748689,"0.2","0.3","2.2",7015,7877,9279,1.1018377,1.3226092,-40.314,22.297,3.3243163373262,-4.41152377613563,-4.39433418918139,-28.9823971844703,0.937939098324272,52.3029878951784,0,1,0,1,0,"241118_24-333.1.xls"
41,"24-333.27",NA,"N2_CO2+He_2.met",5.589,2,0,194.1,271,43.293,0.8870561,"38.7","27.5",1687,1170,0.6932885,0.692,"2024/11/18 22:40:53",NA,309.7,102.3,317.622,1.7517905,"0.2","0.3","2.2",8377,9448,11075,1.1035877,1.3210168,-38.727,21.04,3.76799095912205,-2.93126184569934,-2.86083166875651,-27.314181902696,1.31341713765125,52.3957874043276,0,1,0,1,0,"241118_24-333.1.xls"
42,"24-333.28",NA,"N2_CO2+He_2.met",5.252,2,0,193.4,275.7,59.6,1.2995298,"38.4","27.3",2182,1514,0.6938282,1.475,"2024/11/18 22:52:19",NA,313.4,101.5,281.129,1.6500115,"0.3","0.4","2.3",7377,8306,9752,1.1048032,1.32156,-37.578,21.43,4.0876555740713,-2.12429684598322,-2.02484255391479,-26.1063814245872,1.9241576389176,49.351554314795,0,1,0,1,0,"241118_24-333.1.xls"
44,"24-333.29",NA,"N2_CO2+He_2.met",5.456,2,0,193.9,281.8,56.209,1.1797795,"38.2","27.1",1899,1314,0.6922102,-1.146,"2024/11/18 23:15:12",NA,313.9,109.2,303.332,1.7137607,"0.2","0.3","2.2",7235,8126,9573,1.1025867,1.3227116,-39.714,22.265,4.02907688642698,-4.74968844319829,-4.74466162691154,-28.3516919739696,1.74682984856438,51.258249633749,0,1,0,1,0,"241118_24-333.1.xls"
45,"24-333.30",NA,"N2_CO2+He_2.met",5.172,2,0,192.9,276.1,69.846,1.5465027,"38.7","27.5",2583,1795,0.6946809,2.632,"2024/11/18 23:26:38",NA,313.4,102.6,278.923,1.6623879,"0.2","0.3","2.3",7230,8142,9560,1.1052091,1.3220271,-37.224,21.723,4.24629281849416,-0.955403939043361,-0.813908068576286,-25.7342653503918,2.28982414433439,49.7216710852334,0,1,0,1,0,"241118_24-333.1.xls"
46,"24-333.31",NA,"N2_CO2+He_2.met",5.445,2,0,193.5,283.1,62.941,1.3237291,"38.7","27.4",2075,1438,0.6933531,0.802,"2024/11/18 23:38:05",NA,314,112.1,305.162,1.7275809,"0.3","0.3","2.2",7130,8006,9427,1.1028123,1.3223407,-39.443,22.061,4.14219777965749,-2.79320786058959,-2.71781229511221,-28.0668234538935,1.95999453983164,51.6716670713845,0,1,0,1,0,"241118_24-333.1.xls"
49,"NEON.ltr.ABBY.2022.mxt.cn",NA,"N2_CO2+He_2.met",5.355,2,0,196.2,275,20.432,0.4369259,"39","27.7",688,478,0.6938809,1.521,"2024/11/19 00:12:24",NA,313.3,120.4,301.027,1.7328145,"0.2","0.3","2.4",7256,8149,9589,1.1012729,1.321905,-40.853,21.824,3.01710229929018,-1.75396913326828,-1.64119526207085,-29.5489806985701,0.646949693848094,51.8281706645308,0,1,0,1,0,"241118_24-333.1.xls"
6,"UU-CN-3","RM","N2_CO2+He_2.met",0.563,2,0,191.6,268.3,31.542,6.4157528,"32.2","23",1086,763,0.701611,12.823,"2024/11/18 16:00:42","Bkgrnd 28: 45",315,73.3,24.766,1.355982,"0.3","0.4","2.5",840,941,1120,1.1189615,1.3351411,-24.197,32.317,3.45131999106537,9.17599758589028,9.68188963753849,-12.0406040550711,9.49948233504217,40.5571452926826,0,1,0,1,0,"241118_24-333.1.xls"
22,"UU-CN-3","RM","N2_CO2+He_2.met",0.538,2,0,192,270.2,34.177,7.2748579,"38.1","27",1167,820,0.7013861,12.342,"2024/11/18 19:03:35",NA,315.3,73.2,26.357,1.5101384,"0.4","0.5","2.5",904,1014,1202,1.1193277,1.3309862,-24.401,28.523,3.53155290320928,8.70101258294292,9.18982084605837,-12.2550438266413,10.7713656690204,45.1682854855131,0,1,0,1,0,"241118_24-333.1.xls"
38,"UU-CN-3","RM","N2_CO2+He_2.met",0.507,2,0,192.3,270.4,32.87,7.4243189,"38.5","27.4",1115,783,0.7020273,12.189,"2024/11/18 22:06:34",NA,315.7,73,24.942,1.5164669,"0.4","0.5","2.4",854,957,1136,1.1187358,1.3312191,-24.876,28.769,3.49256038767613,8.54508934533706,9.02828951640314,-12.7543521182877,10.9928639144956,45.3568849776807,0,1,0,1,0,"241118_24-333.1.xls"
11,"UU-CN-2","RM","N2_CO2+He_2.met",0.508,2,0,192.2,269.4,28.912,6.5174165,"35.9","25.5",986,683,0.6922242,-0.683,"2024/11/18 16:57:51","CO2 Reference Tank: 900",315.5,72.5,22.495,1.3649692,"0.4","0.5","2.6",767,847,1019,1.1029039,1.3297238,-39.501,27.781,3.36425673384987,-4.33652947665239,-4.31664256926575,-28.1277916242419,9.65013813174898,40.8265037627038,0,1,0,1,0,"241118_24-333.1.xls"
27,"UU-CN-2","RM","N2_CO2+He_2.met",0.519,2,0,192.6,269.6,27.977,6.1730747,"38.4","27.3",947,656,0.6922183,-0.913,"2024/11/18 20:00:46",NA,315.8,71.5,22.898,1.2827637,"0.4","0.5","2.5",742,820,987,1.1029787,1.3317653,-39.579,29.274,3.33138274404646,-4.56899401329318,-4.55746815933074,-28.209783301607,9.14014092674723,40.6771107640244,0,1,0,1,0,"241118_24-333.1.xls"
43,"UU-CN-2","RM","N2_CO2+He_2.met",0.536,2,0,192.8,270.3,30.867,6.5947561,"38.3","27.2",1046,725,0.6920998,-1.276,"2024/11/18 23:03:46",NA,315.9,72.5,23.791,1.3682176,"0.4","0.5","2.5",817,903,1086,1.1030505,1.3311698,-39.572,28.794,3.42968765206178,-4.92462417320921,-4.92588927140351,-28.2024250741511,9.76447143300318,40.9230328395855,0,1,0,1,0,"241118_24-333.1.xls"
5,"SPINACH","RM","N2_CO2+He_2.met",0.238,2,0,195,262.9,8.833,4.2500792,"31.8","22.7",284,197,0.694724,2.873,"2024/11/18 15:49:17","GC Temp: 41",317.8,64.7,10.407,1.3090815,"0.4","0.4","2.6",347,383,465,1.1034553,1.3405111,-38.718,36.728,2.178494707763,0.708354111998226,0.909690378556293,-27.3047213245385,6.29289347736907,40.3151706404405,0,1,0,1,0,"241118_24-333.1.xls"
16,"SPINACH","RM","N2_CO2+He_2.met",0.324,2,0,194.5,267.3,12.023,4.4261611,"37.6","26.7",397,276,0.6940724,1.792,"2024/11/18 17:55:00","N2 Reference Tank: 800",316.9,67.9,14.254,1.3371043,"0.4","0.5","2.5",482,533,642,1.1041489,1.3332719,-38.595,30.486,2.48682148199277,-0.780873035030002,-0.633099810461025,-27.1754267563859,6.29197435481883,40.5612797622871,0,1,0,1,0,"241118_24-333.1.xls"
17,"SPINACH","RM","N2_CO2+He_2.met",0.53,2,0,194,269.7,19.411,4.1940601,"37.1","26.3",630,438,0.6948694,2.74,"2024/11/18 18:06:26",NA,316.2,72.2,23.176,1.3304599,"0.3","0.4","2.3",783,866,1043,1.1040901,1.3329199,-38.776,30.122,2.96583991568895,-0.467097322071623,-0.30803852449796,-27.3656894948869,6.20999351890792,40.3164716697502,0,1,0,1,0,"241118_24-333.1.xls"
32,"SPINACH","RM","N2_CO2+He_2.met",0.751,2,0,193.2,269.7,27.282,4.1600645,"38.4","27",919,640,0.6958543,4.352,"2024/11/18 20:57:56",NA,315.2,75.2,32.794,1.3337458,"0.3","0.5","2.5",1112,1230,1477,1.1038047,1.3300932,-38.86,27.949,3.30622714407093,0.694227229860853,0.89505539476189,-27.453988224357,6.1596406232048,40.2600546600062,0,1,0,1,0,"241118_24-333.1.xls"
33,"SPINACH","RM","N2_CO2+He_2.met",1.502,2,0,192.7,273.5,53.229,4.0582855,"38.2","27.1",1843,1282,0.6951778,3.408,"2024/11/18 21:09:23",NA,314.9,81.1,65.593,1.3379408,"0.2","0.3","2.3",2191,2429,2907,1.1038614,1.3288227,-38.844,26.944,3.97460336060955,-0.199772279724764,-0.0310986007030069,-27.4371694187436,6.0089346589797,40.2631238231656,0,1,0,1,0,"241118_24-333.1.xls"
47,"SPINACH","RM","N2_CO2+He_2.met",2.956,2,0,191.9,278.9,104.248,4.0385852,"38.7","27.4",3558,2474,0.695208,3.522,"2024/11/18 23:49:31",NA,314.5,88.8,129.259,1.3374861,"0.3","0.4","2.5",4080,4551,5396,1.1035658,1.3239956,-38.76,23.31,4.64677267584261,-0.0353802854425753,0.139206081452202,-27.3488706892735,5.97974148396825,40.315891417918,0,1,0,1,0,"241118_24-333.1.xls"
48,"SPINACH","RM","N2_CO2+He_2.met",7.196,2,0,191.2,283.8,257.951,4.1049898,"38.8","27.4",9067,6303,0.6952498,3.57,"2024/11/19 00:00:58",NA,310.4,102.6,314.544,1.3473971,"0.2","0.2","2.3",8287,9341,10958,1.1034933,1.3211976,-38.752,21.197,5.55276964440344,0.0805415804098826,0.259297309769278,-27.3404612864669,6.07806259148332,40.3004741228039,0,1,0,1,0,"241118_24-333.1.xls"
7,"24-251.1",NA,"N2_CO2+He_2.met",5.117,2,0,192.6,279.4,99.616,2.2293714,"32.1","22.5",3792,2646,0.6972919,6.179,"2024/11/17 12:35:28","Bkgrnd 29: 32",314.7,103.9,252.616,1.5217788,"0.1","0.1","1.8",6976,7969,9241,1.11943,1.324035,-24.629,22.931,4.6013227942592,3.05164516330989,2.50342829412611,-11.8067401013584,3.30913182471959,44.8072872157955,0,0,0,0,0,"241117_24-251-252.1-RERUN.xls"
8,"24-251.2",NA,"N2_CO2+He_2.met",5.113,2,0,192.5,280.5,109.475,2.451929,"33.2","23.4",4185,2927,0.6990425,8.814,"2024/11/17 12:46:54","Bkgrnd 30: N/A",314.5,103.5,258.535,1.5586505,"0.2","0.2","2.0",7134,8152,9440,1.1195804,1.3230738,-24.465,22.085,4.69569621268746,5.65330506319283,5.21772079474497,-11.626508226691,3.6394817623588,45.8930336457976,0,0,0,0,0,"241117_24-251-252.1-RERUN.xls"
9,"24-251.3",NA,"N2_CO2+He_2.met",5.09,2,0,191.9,281.1,118.67,2.6698769,"34.0","24.0",4523,3137,0.6932183,0.65,"2024/11/17 12:58:19","Primary He: 2400",314,103.3,252.288,1.5278664,"0.2","0.3","2.1",7027,8029,9294,1.1192474,1.3227606,-24.881,21.709,4.77634653167705,-2.53918696087886,-3.32944544451567,-12.0836817624326,3.96299520021951,44.9864813165672,0,0,0,0,0,"241117_24-251-252.1-RERUN.xls"
10,"24-251.4",NA,"N2_CO2+He_2.met",5.477,2,0,192.1,280.4,116.822,2.4425762,"34.7","24.5",4509,3142,0.6967517,5.548,"2024/11/17 13:09:45","Secondary He: 2500",313.2,104.5,278.924,1.5698154,"0.2","0.3","2.1",7536,8616,9966,1.1193597,1.3223617,-24.792,21.415,4.76065140882172,2.36435778864978,1.78638646752383,-11.9858730011802,3.62561998839862,46.2217471745963,0,0,0,0,0,"241117_24-251-252.1-RERUN.xls"
12,"24-251.5",NA,"N2_CO2+He_2.met",5.268,2,0,192.2,279.6,110.401,2.3999146,"35.2","24.8",4244,2958,0.6966537,5.624,"2024/11/17 13:32:35","Peak Center: 58486",313.7,102.4,259.966,1.5211654,"0.1","0.2","1.9",7203,8232,9538,1.1195147,1.3234942,-24.644,22.315,4.70411919177299,2.46032940573894,1.88651294468138,-11.8232247240414,3.56227651087218,44.7892715886142,0,0,0,0,0,"241117_24-251-252.1-RERUN.xls"
13,"24-251.6",NA,"N2_CO2+He_2.met",5.261,2,0,192.5,279.5,105.221,2.2903523,"35.6","25.1",3957,2749,0.6946144,2.416,"2024/11/17 13:44:01","Job No-24-3251-252.1-rerun",314.3,101.9,261.355,1.5313261,"0.2","0.3","2.1",7194,8224,9519,1.1198724,1.3230297,-24.376,21.807,4.6560629001541,-0.73069333943113,-1.44265744646354,-11.5286994654386,3.39965236004904,45.0884935298804,0,0,0,0,0,"241117_24-251-252.1-RERUN.xls"
14,"24-251.7",NA,"N2_CO2+He_2.met",5.172,2,0,194.8,270.8,30.339,0.6717472,"35.9","25.4",1124,781,0.6940569,1.586,"2024/11/17 13:55:27","Oxygen Tank: 1800",315.4,100.9,237.146,1.4133962,"0.2","0.3","2.2",6530,7339,8638,1.1033069,1.3235228,-39.814,22.293,3.41243401358814,-1.1213459863616,-1.85022245907645,-28.4946731307708,0.997110138335633,41.6160159607824,0,0,0,0,0,"241117_24-251-252.1-RERUN.xls"
15,"24-251.8",NA,"N2_CO2+He_2.met",5.498,2,0,193.3,274.7,60.147,1.2527912,"36.2","25.7",2325,1617,0.695177,3.126,"2024/11/17 14:06:53","CO2 Peak Center: 9",314.1,102.7,267.349,1.4989223,"0.3","0.4","2.4",7268,8179,9614,1.1023781,1.322747,-40.582,21.737,4.09679156586515,0.176885201097953,-0.495787478412929,-29.3386858121399,1.85955754067031,44.1343812615952,0,0,0,0,0,"241117_24-251-252.1-RERUN.xls"
18,"24-251.9",NA,"N2_CO2+He_2.met",5.45,2,0,194,272.9,46.295,0.9727611,"35.5","25.1",1759,1221,0.6938694,1.484,"2024/11/17 14:41:11",NA,314.7,101.3,252.978,1.4308422,"0.1","0.2","2.0",6926,7798,9172,1.1041119,1.3239618,-39.008,22.549,3.83503396390001,-1.37264146476555,-2.11239717011457,-27.6088994052716,1.4439028461817,42.1298066945319,0,0,0,0,0,"241117_24-251-252.1-RERUN.xls"
19,"24-251.10",NA,"N2_CO2+He_2.met",5.28,2,0,194.2,270.7,33.962,0.7365968,"36.6","26.1",1270,883,0.6949697,3.078,"2024/11/17 14:52:37",NA,314.9,100.8,244.546,1.4276858,"0.5","0.6","2.3",6721,7552,8894,1.1028011,1.3236907,-40.284,22.32,3.52524225252411,0.330801287703566,-0.335207965457751,-29.0111913081711,1.09335128931893,42.0368199823172,0,0,0,0,0,"241117_24-251-252.1-RERUN.xls"
20,"24-252.1",NA,"N2_CO2+He_2.met",4.861,2,0,193.4,273.3,47.815,1.126427,"37.2","26.6",1792,1247,0.6958776,4.488,"2024/11/17 15:04:03",NA,313.1,101.2,261.77,1.6599677,"0.7","0.8","2.8",7263,8188,9607,1.1041944,1.3226117,-38.908,21.403,3.86733939780151,1.61994571986187,1.00974687071407,-27.4990019207183,1.67201021096926,48.8762036678177,0,0,0,0,0,"241117_24-251-252.1-RERUN.xls"
21,"24-252.2",NA,"N2_CO2+He_2.met",4.995,2,0,193.3,273.6,54.465,1.2486683,"36.3","25.8",2123,1481,0.6972442,6.218,"2024/11/17 15:15:30",NA,312,102,271.558,1.6758405,"0.3","0.4","2.2",7515,8478,9936,1.1046877,1.3221448,-38.293,20.983,3.99755829353441,3.30394218313327,2.76664790590776,-26.8231323907158,1.85345651697366,49.3435422097838,0,0,0,0,0,"241117_24-251-252.1-RERUN.xls"
23,"24-252.3",NA,"N2_CO2+He_2.met",4.944,2,0,193.3,273.7,58.833,1.3627342,"35.9","25.3",2275,1596,0.7012255,12.013,"2024/11/17 15:38:22",NA,312.5,101.1,270.95,1.6893356,"0.2","0.2","2.0",7460,8417,9872,1.1043701,1.3227429,-38.563,21.47,4.07470292196681,9.07168864417849,8.78409506162188,-27.1198555990096,2.02275330123247,49.7409307138901,0,0,0,0,0,"241117_24-251-252.1-RERUN.xls"
24,"24-252.4",NA,"N2_CO2+He_2.met",5.007,2,0,192.7,276.5,68.87,1.5751507,"36.1","25.5",2537,1781,0.7016251,12.635,"2024/11/17 15:49:48",NA,313.5,102.2,275.897,1.6985399,"0.2","0.3","2.2",7339,8248,9707,1.1018853,1.3225682,-40.848,21.581,4.23222066955661,9.63804100989416,9.37496628927119,-29.6310131210515,2.3380450656266,50.0118132355431,0,0,0,0,0,"241117_24-251-252.1-RERUN.xls"
25,"24-252.5",NA,"N2_CO2+He_2.met",4.919,2,0,194.4,274.4,33.177,0.7723836,"36.2","25.7",1139,792,0.6957817,3.955,"2024/11/17 16:01:14",NA,314.1,104.4,275.617,1.7271717,"0.3","0.3","2.3",7064,7938,9342,1.1030445,1.3227666,-39.831,21.758,3.50185686476133,1.21606284251712,0.588378856718636,-28.5133557031449,1.14646467180836,50.8548517511416,0,0,0,0,0,"241117_24-251-252.1-RERUN.xls"
26,"24-252.6",NA,"N2_CO2+He_2.met",5.019,2,0,193.2,274.5,47.648,1.0871713,"36.1","25.5",1740,1213,0.6968707,5.763,"2024/11/17 16:12:40",NA,313.2,102,273.098,1.6772833,"0.2","0.3","2.2",7283,8198,9631,1.1035872,1.3222369,-39.311,21.548,3.8638406565016,2.89618174995557,2.3412344666365,-27.9418887834679,1.61371883006587,49.3860779883669,0,0,0,0,0,"241117_24-251-252.1-RERUN.xls"
28,"24-252.7",NA,"N2_CO2+He_2.met",5.248,2,0,192.8,274.5,66.398,1.4488728,"35.7","25.2",2544,1775,0.6972188,5.954,"2024/11/17 16:35:33",NA,312.8,100.1,267.444,1.5708841,"0.1","0.2","2.0",7346,8280,9717,1.1046077,1.3223705,-38.38,21.654,4.19566693554683,2.96995465837522,2.41820119548577,-26.9187432022771,2.1506094903509,46.2532492204292,0,0,0,0,0,"241117_24-251-252.1-RERUN.xls"
29,"24-252.8",NA,"N2_CO2+He_2.met",5.317,2,0,192.7,275.3,65.741,1.4159154,"36.0","25.5",2448,1707,0.6969947,5.937,"2024/11/17 16:46:59",NA,312.7,98.8,256.912,1.4894428,"0.2","0.3","2.2",7176,8092,9490,1.1053335,1.3221901,-37.753,20.92,4.18572277955938,2.95646771492995,2.40413036729972,-26.2296859741282,2.10169664974713,43.8551846213104,0,0,0,0,0,"241117_24-251-252.1-RERUN.xls"
30,"24-252.9",NA,"N2_CO2+He_2.met",4.75,2,0,193.8,272.5,36.639,0.883317,"36.1","25.6",1331,927,0.696719,5.567,"2024/11/17 16:58:25",NA,312.8,101,264.625,1.7172847,"0.3","0.3","2.2",7128,8008,9425,1.1018756,1.3223005,-40.862,21.74,3.60111324685706,2.79299769629859,2.233583307837,-29.646398768889,1.31114398975822,50.5638897046973,0,0,0,0,0,"241117_24-251-252.1-RERUN.xls"
31,"24-252.10",NA,"N2_CO2+He_2.met",5.296,2,0,194.3,276.5,47.967,1.0372053,"35.6","25.2",1753,1223,0.6971073,5.801,"2024/11/18 09:34:28",NA,312.8,110.4,288.54,1.6794395,"0.1","0.1","2.2",7503,8459,9920,1.1043949,1.3219774,-37.008,21.976,3.87051327447139,2.9318244574588,2.37842023933573,-25.4109497142064,1.53955414424182,49.4494271614469,0,0,0,0,0,"241117_24-251-252.1-RERUN.xls"
34,"24-252.11",NA,"N2_CO2+He_2.met",5.091,2,0,192.2,275.4,71.394,1.6059346,"37.3","26.5",2702,1883,0.6968287,5.733,"2024/11/18 10:08:45",NA,312.3,99.3,240.846,1.4582857,"0.2","0.3","2.3",6809,7670,9013,1.1048761,1.3228314,-37.009,22.095,4.26821383220107,2.72332539922665,2.16089471642973,-25.4120486890519,2.38374065880069,42.9377768666079,0,0,0,0,0,"241117_24-251-252.1-RERUN.xls"
35,"24-252.12",NA,"N2_CO2+He_2.met",4.818,2,0,193.1,271.5,45.243,1.0753612,"37.5","26.7",1736,1209,0.6961411,4.809,"2024/11/18 10:20:11",NA,311.3,99.6,252.91,1.6180981,"0.3","0.4","2.4",7105,8014,9394,1.1047221,1.3216855,-37.052,21.269,3.81204796204666,1.96047899559124,1.36502271463395,-25.4593046074098,1.59619146887477,47.6433641438459,0,0,0,0,0,"241117_24-251-252.1-RERUN.xls"
36,"24-252.13",NA,"N2_CO2+He_2.met",4.794,2,0,192.1,272.5,52.717,1.2592715,"37.1","26.3",2012,1406,0.6986861,8.443,"2024/11/18 10:31:36",NA,311.8,100.8,243.723,1.5671254,"0.2","0.3","2.4",6829,7693,9027,1.1038545,1.3219964,-38.078,21.53,3.96493798417453,5.54046623723686,5.09999688352787,-26.5868527989263,1.8691882582139,46.1425614720851,0,0,0,0,0,"241117_24-251-252.1-RERUN.xls"
37,"24-252.14",NA,"N2_CO2+He_2.met",5.147,2,0,193.8,273.7,28.716,0.6389163,"37.3","26.5",968,674,0.6967723,5.309,"2024/11/18 10:43:02",NA,312.2,106.1,287.891,1.7241683,"0.3","0.3","2.4",7269,8168,9612,1.1016821,1.3220989,-40.182,21.567,3.35745445871424,2.6210771085566,2.05421983222242,-28.8990958739268,0.948353306466095,50.7664896077109,0,0,0,0,0,"241117_24-251-252.1-RERUN.xls"
39,"24-252.15",NA,"N2_CO2+He_2.met",5.07,2,0,192.4,273.8,56.261,1.2707655,"36.6","25.9",2120,1476,0.6958433,4.242,"2024/11/18 11:05:54",NA,311.8,101.4,255.728,1.5548046,"0.2","0.2","2.2",7089,7969,9378,1.1014937,1.3224401,-40.361,21.901,4.03000157752159,1.31648066828859,0.693144030457222,-29.0958123712772,1.88625269877917,45.7797626505547,0,0,0,0,0,"241117_24-251-252.1-RERUN.xls"
40,"24-252.16",NA,"N2_CO2+He_2.met",5.157,2,0,191.9,275.5,61.132,1.3575007,"37.0","26.3",2258,1570,0.6953479,3.811,"2024/11/18 11:17:19",NA,311.4,104.3,283.094,1.6921517,"0.2","0.3","2.2",7486,8415,9899,1.1011443,1.3219484,-40.758,21.565,4.11303546066559,0.856146582237291,0.212880888605172,-29.5321053849536,2.01498519412219,49.8237885060347,0,0,0,0,0,"241117_24-251-252.1-RERUN.xls"
41,"24-252.17",NA,"N2_CO2+He_2.met",5.197,2,0,193,272.9,43.958,0.9686183,"37.1","26.4",1640,1144,0.6974887,6.892,"2024/11/18 11:28:45",NA,310.9,104.2,282.37,1.6748329,"0.2","0.3","2.3",7506,8450,9920,1.1029634,1.3216945,-39.064,21.494,3.78323463259508,4.05365812552656,3.54882099475926,-27.6704419966214,1.43775734246675,49.3138660230275,0,0,0,0,0,"241117_24-251-252.1-RERUN.xls"
42,"24-252.18",NA,"N2_CO2+He_2.met",4.909,2,0,194.3,271.1,26.764,0.6243534,"37.0","26.3",952,663,0.6963738,5.32,"2024/11/18 11:40:11",NA,312,102.5,265.043,1.6642938,"0.3","0.3","2.3",7130,8020,9423,1.1029283,1.3219187,-39.219,21.667,3.28705770092057,2.65694676986427,2.09164238414457,-27.8407830976789,0.926740996427138,49.0034346140936,0,0,0,0,0,"241117_24-251-252.1-RERUN.xls"
44,"24-252.19",NA,"N2_CO2+He_2.met",5.215,2,0,192.3,274.7,59.052,1.2967164,"36.4","25.8",2216,1541,0.6953304,3.602,"2024/11/18 12:03:03",NA,311.1,104.8,292.728,1.7302749,"0.2","0.2","2.2",7611,8580,10069,1.1039117,1.3221579,-38.446,21.838,4.07841841167184,0.659376041532401,0.00759164115125477,-26.9912755420822,1.92477817082365,50.9463607719377,0,0,0,0,0,"241117_24-251-252.1-RERUN.xls"
45,"24-252.20",NA,"N2_CO2+He_2.met",5.093,2,0,192.7,274,48.88,1.0990686,"36.9","26.2",1798,1253,0.6968198,5.818,"2024/11/18 12:14:29",NA,311,103.2,279.88,1.6939619,"0.2","0.3","2.3",7499,8453,9911,1.1036775,1.3216289,-38.689,21.456,3.88936831486334,2.9421633769888,2.38920675749134,-27.2583264295467,1.63139041885058,49.8771239564716,0,0,0,0,0,"241117_24-251-252.1-RERUN.xls"
46,"24-252.21",NA,"N2_CO2+He_2.met",5.178,2,0,191.8,277.4,84.055,1.8589427,"36.7","26.1",3150,2199,0.698183,7.766,"2024/11/18 12:25:55",NA,311.1,102.1,273.719,1.6294769,"0.2","0.3","2.3",7474,8433,9879,1.1048349,1.3214378,-37.459,21.357,4.43147134648502,4.69865002874903,4.22173626933278,-25.9065873695416,2.75931888120267,47.9784388468711,0,0,0,0,0,"241117_24-251-252.1-RERUN.xls"
49,"NEON.ltr.ABBY.2022.mxt.cn",NA,"N2_CO2+He_2.met",5.263,2,0,198.4,275.9,21.788,0.474083,"24.9","18.1",746,519,0.6954234,1.555,"2024/11/18 13:00:12",NA,315.4,122.5,304.472,1.7832789,"0.2","0.3","2.6",7245,8117,9545,1.097945,1.3172883,-41.098,21.001,3.08135935952143,-1.03538442772953,-1.7605394017533,-29.9057568324347,0.703694866600496,52.5069998112873,0,0,0,0,0,"241117_24-251-252.1-RERUN.xls"
6,"UU-CN-3","RM","N2_CO2+He_2.met",0.442,2,0,193.7,269.4,26.764,6.9342712,"30.8","21.7",917,643,0.7013555,12.078,"2024/11/17 12:24:03","Bkgrnd 28: 45",318.6,74.3,22.209,1.5488424,"0.2","0.3","1.9",739,828,986,1.1194262,1.3359501,-25.022,32.156,3.28705770092057,9.41494676986427,9.14221372131576,-12.2386372156527,10.2926958177847,45.6047362817716,0,0,0,0,0,"241117_24-251-252.1-RERUN.xls"
22,"UU-CN-3","RM","N2_CO2+He_2.met",0.458,2,0,192.5,270,28.853,7.2142106,"36.1","25.6",981,688,0.7013905,12.237,"2024/11/17 15:26:56",NA,316.7,72.8,22.729,1.5297249,"0.4","0.6","2.5",776,870,1033,1.1191103,1.3321756,-25.14,28.689,3.36221397368311,9.54739567422675,9.28039668206418,-12.3683162474255,10.7084320212365,45.0420413101328,0,0,0,0,0,"241117_24-251-252.1-RERUN.xls"
38,"UU-CN-3","RM","N2_CO2+He_2.met",0.478,2,0,191.1,268.2,29.529,7.0743384,"37.1","26.4",1026,721,0.7014027,12.434,"2024/11/18 10:54:28",NA,314.4,73.3,23.367,1.5068631,"0.4","0.5","2.6",799,896,1063,1.1176955,1.3304631,-25.208,29.284,3.38537283131518,9.73621414763897,9.47738959662006,-12.4430465369218,10.5007720155444,44.3688605764919,0,0,0,0,0,"241117_24-251-252.1-RERUN.xls"
11,"UU-CN-2","RM","N2_CO2+He_2.met",0.554,2,0,193.1,271,30.161,6.2345613,"35.1","24.8",1025,710,0.6921105,-1.133,"2024/11/17 13:21:10","CO2 Reference Tank: 900",317.8,74.6,24.865,1.3835254,"0.4","0.5","2.3",836,925,1112,1.1040383,1.3317603,-39.481,28.617,3.40654969908876,-3.83826718453587,-4.68476621835438,-28.1287145072085,9.25414624011414,40.7363311829093,0,0,0,0,0,"241117_24-251-252.1-RERUN.xls"
27,"UU-CN-2","RM","N2_CO2+He_2.met",0.458,2,0,192.7,269.8,26.074,6.5192958,"35.9","25.4",876,607,0.692061,-1.232,"2024/11/17 16:24:07",NA,316.6,71.8,20.681,1.3919441,"0.4","0.5","2.5",707,781,941,1.1036316,1.3328342,-39.744,29.622,3.26093864924059,-3.88582593062199,-4.7343839058339,-28.4177448915836,9.67704074175026,40.9835213311125,0,0,0,0,0,"241117_24-251-252.1-RERUN.xls"
43,"UU-CN-2","RM","N2_CO2+He_2.met",0.426,2,0,192.2,268.3,24.302,6.5328378,"36.6","26.0",827,573,0.6920514,-0.918,"2024/11/18 11:51:37",NA,315.5,66.9,19.112,1.3578664,"0.4","0.5","2.6",650,718,866,1.1032495,1.3322683,-39.358,29.629,3.19055865148642,-3.54696219027601,-4.38084987581171,-27.993540601208,9.69689747242993,40.7192482512176,0,0,0,0,0,"241117_24-251-252.1-RERUN.xls"
5,"SPINACH","RM","N2_CO2+He_2.met",0.241,2,0,197,260.8,7.967,3.785922,"29.9","21.1",270,188,0.6948678,2.703,"2024/11/17 12:12:37","GC Temp: 41",321.1,67.1,10.796,1.3809042,"0.3","0.4","2.0",360,398,481,1.104428,1.3385172,-38.861,34.455,2.07530801039823,0.0912153459411549,-0.585166203661247,-27.4473501029783,5.61924749826334,40.6582841991871,0,0,0,0,0,"241117_24-251-252.1-RERUN.xls"
16,"SPINACH","RM","N2_CO2+He_2.met",0.427,2,0,194.7,266.9,15.308,4.1053907,"36.3","25.8",508,353,0.6941481,1.944,"2024/11/17 14:18:19","N2 Reference Tank: 800",318.6,71.9,19.022,1.3876338,"0.5","0.6","2.6",649,718,865,1.1049286,1.3331125,-38.559,29.644,2.72837556756346,-0.580856573698056,-1.28633385875533,-27.1154596996274,6.09383884446147,40.4325857462391,0,0,0,0,0,"241117_24-251-252.1-RERUN.xls"
17,"SPINACH","RM","N2_CO2+He_2.met",0.557,2,0,194.2,268.5,19.525,4.0142219,"35.6","25.1",657,457,0.6944845,2.461,"2024/11/17 14:29:45",NA,317.9,73.9,24.855,1.3533833,"0.3","0.4","2.3",829,918,1105,1.1050271,1.3347779,-38.678,30.804,2.97169569572575,-0.0906426125972235,-0.774897264612291,-27.2462377062458,5.95849025891263,40.5006306875346,0,0,0,0,0,"241117_24-251-252.1-RERUN.xls"
32,"SPINACH","RM","N2_CO2+He_2.met",0.78,2,0,193.7,268.9,25.947,3.809423,"37.7","26.9",905,630,0.6953358,3.183,"2024/11/18 09:45:54",NA,316.1,73.1,34.781,1.3350247,"0.5","0.6","2.7",1132,1251,1503,1.1030913,1.3301618,-38.696,27.99,3.25605599599248,0.530899005814983,-0.12644749846312,-27.2660192534654,5.65448342615578,40.4716281004353,0,0,0,0,0,"241117_24-251-252.1-RERUN.xls"
33,"SPINACH","RM","N2_CO2+He_2.met",1.571,2,0,192.4,274.3,52.966,3.860894,"37.1","26.3",1860,1294,0.6951419,3.208,"2024/11/18 09:57:19",NA,314.6,86.6,69.984,1.3419821,"0.3","0.3","2.4",2244,2487,2979,1.1032784,1.329406,-38.636,27.291,3.96965019826294,0.30380151329131,-0.363376630089468,-27.2000807627334,5.73088082718337,40.4320526625731,0,0,0,0,0,"241117_24-251-252.1-RERUN.xls"
47,"SPINACH","RM","N2_CO2+He_2.met",3.045,2,0,190.6,278.4,106.985,4.0234955,"36.8","26.2",3725,2589,0.6950736,2.996,"2024/11/18 12:37:21",NA,313.1,90.7,135.721,1.3536895,"0.3","0.4","2.4",4248,4743,5619,1.1035476,1.324064,-38.851,23.321,4.67268863771891,-0.156566855132507,-0.843675538486808,-27.4363603545229,5.97222251384707,40.4541395110543,0,0,0,0,0,"241117_24-251-252.1-RERUN.xls"
48,"SPINACH","RM","N2_CO2+He_2.met",6.874,2,0,190.4,284.2,244.7,4.0765312,"36.7","26.1",8508,5912,0.6951396,3.347,"2024/11/18 12:48:46",NA,310.2,104.6,305.642,1.3526575,"0.2","0.2","2.3",7970,8985,10539,1.1035502,1.3216456,-38.856,21.47,5.50003297044863,-0.0978498236196619,-0.782416494481446,-27.4418552287506,6.05096760500234,40.3558704312882,0,0,0,0,0,"241117_24-251-252.1-RERUN.xls"
